followee;follower
CamilaS85842272;patty_gvi
patty_gvi;CamilaS85842272
CMCarabineros;edumiragu
edumiragu;CMCarabineros
iturra_pau;_macarena182
_macarena182;iturra_pau
yessica_yo;ignaciajoustra5
AndreaBoyco;amunozs
Lexdir_cl;Julyestef
Julyestef;igmendezor
igmendezor;Edorey
Edorey;ester_manzo
ester_manzo;amunozs
amunozs;KAUM_LosRios
sandraoyarzuns;FLindolla
patrimoniocl;matsMaks
Piri_Iriarte;maurovk11
maurovk11;matsMaks
matsMaks;cinthyalissette
cinthyalissette;TitonaxO
TitonaxO;andres_r_j
andres_r_j;MadridAficion12
MadridAficion12;Dario_orp
elbalagos11;regina_pack95
regina_pack95;Dario_orp
Dario_orp;FLindolla
FLindolla;KAUM_LosRios
KAUM_LosRios;Marcela34166782
beervaldivia;Marcela34166782
DagofloL;familiaasp
familiaasp;Ximenalunecke
Reconocidosnet;N1c0l45QV
N1c0l45QV;hellesiri2
hellesiri2;Ximenalunecke
MariaEs75549772;Lalyval
SaaScar;acatalan
DZP2022;NicoToxico
pinedape;josec266
josec266;NicoToxico
NicoToxico;cgcardenaso
cgcardenaso;mmontalba
rodrigochaura;MiltonHugoSepu2
MarrceloG;Mery83919744
Mery83919744;barriobenavente
Carretes;barriobenavente
selloudec;valenzuelabaid
valenzuelabaid;TurismoC0ntigo
TurismoC0ntigo;vivipizarrob
vivipizarrob;barriobenavente
barriobenavente;karinadelapaz
Helen43338619;Fernand24106410
Fernand24106410;karinadelapaz
karinadelapaz;Pichito97383982
Pichito97383982;MiltonHugoSepu2
MiltonHugoSepu2;pattygallardo11
ULagosOficial;danixabahamond2
danixabahamond2;pattygallardo11
pattygallardo11;maureenbayerc
maureenbayerc;roekisd
roekisd;mmontalba
mmontalba;Javita_714
Javita_714;Manu_Lozano117
Manu_Lozano117;acatalan
acatalan;AsenjoYajaira
AsenjoYajaira;Pablozen
Pablozen;Julio01438910
Julio01438910;invicente
invicente;all_reychile
all_reychile;elabordec
elabordec;Lalyval
MustBee17;nicogh
nicogh;PaulaXPenalolen
PaulaXPenalolen;RmMujeres
RmMujeres;marianalaloca3
fsoriano;marianalaloca3
Javier_ParraG;PABLOALBORNOZ21
PABLOALBORNOZ21;inzunza_09
inzunza_09;marianalaloca3
marianalaloca3;valdivia_city
g010101010101;bioxiplas01
bioxiplas01;valdivia_city
CamiloRegla;valdivia_city
MiguedelaC;TabarniaSur
TabarniaSur;RosnerFundacion
Janita28161315;radiorealestat
radiorealestat;jcminones
Ianthee;BelieAmbar
BelieAmbar;jcminones
jcminones;Vivianazu
mawrse;vivianalavander
vivianalavander;Vivianazu
Vivianazu;elisa7j
elisa7j;sarake
sarake;NftVega
NftVega;_oscarDeeJay
Victorirribarr5;errantis04
FundacionEmilia;Norilla_HG
SammieF48012716;TeamCata
TeamCata;Norilla_HG
Norilla_HG;RvillagraZ
RvillagraZ;tomacho3
R_SaldiviaV;ester_manzo
R_SaldiviaV;clawi09
clawi09;aglz19
aglz19;zavkaamladinic
zavkaamladinic;tomacho3
tomacho3;munosses
munosses;errantis04
errantis04;RominaNorambue7
RominaNorambue7;Electromovilid4
Electromovilid4;castro5ila8417
castro5ila8417;santaliss1125
santaliss1125;rossishelton
rossishelton;baza_bokar
Cinthia69314642;baza_bokar
baza_bokar;CodedSlut
CodedSlut;toddy_cl
hectorpachecor8;hernandez_araya
hernandez_araya;toddy_cl
toddy_cl;BayardoCS
BayardoCS;GolditoGonza
GolditoGonza;revistaelzorro
aliciaalarconp;a_alevila
a_alevila;victorcea_
victorcea_;l_estebann
l_estebann;Elisabe45605877
Elisabe45605877;revistaelzorro
TuPatrimonioOro;CulturaRecoleta
CFTesTarapaca;a_concha
a_concha;CulturaRecoleta
CulturaRecoleta;grimaldiperiod
Illawara_puq;grimaldiperiod
PRANIL4U;JeffreyHayzlett
JeffreyHayzlett;grimaldiperiod
grimaldiperiod;butacalosrios
lpaivita;jsalinasp
Aramil_Liadem;RepublicanoDon
RepublicanoDon;jsalinasp
jsalinasp;Losrioscb
nancyc41111835;_distrito26
_distrito26;Losrioscb
CalexisD;Izcoaalv
KiweNasa;NicolsMujicaH1
NicolsMujicaH1;Izcoaalv
Izcoaalv;ChikitaToi
mpenaespinoza;FreddyGarciaC
FreddyGarciaC;jeremievdp
LibertyNewsCL;TraveIFaves
TraveIFaves;AngelaR89482906
AngelaR89482906;jeremievdp
jeremievdp;SergioM42500923
FcoSCL;Valdiaseo
Claudia_R_L;pbitreras
pbitreras;JorqueraEdita
RCI_Chile;JorqueraEdita
JorqueraEdita;Valdiaseo
Valdiaseo;fae_sur
mafdagarfiasf;CH_Lover_Life
SadhotraMeenu;martianglaciers
valejuarz;martianglaciers
gesayare;eldelfinego
eldelfinego;TLL_MAG
TLL_MAG;Brujulaconstit2
Brujulaconstit2;martianglaciers
martianglaciers;MonoJaure
MonoJaure;EFFECT4EVERCHIL
EFFECT4EVERCHIL;lead2purpose
HarinaBlanquita;lead2purpose
Preludi51983169;lead2purpose
lead2purpose;epe_paine
MarmolTour;c_flores_c
NodoArtesania;Otrodeapie1
aleparramuoz;Otrodeapie1
marceloanuch;Edurod1105
6f7925890fe04e6;Rosario06981425
jlmprevencion;Rosario06981425
Rosario06981425;michellescats3
michellescats3;Lizandri2322
mara_villa_sol;lagauchapuq
Shark_Grillz;rominaayancan
rominaayancan;BillryanSummer1
ccontreritas;CEsparzaP
CEsparzaP;Felipea54716219
Raul_Verdugo_;woobowba
Vlubbert;woobowba
woobowba;Felipea54716219
Felipea54716219;BillryanSummer1
BillryanSummer1;ripinchains
ripinchains;lagauchapuq
lagauchapuq;carlos1305mayo
GainsShu;florifloridora
fabifernandezt;propfrutillar
Mopi06891276;_Grupo_Cv
Diegova97057136;P_Navia
ZurdaRoja1312;SINERDEMOCRATI1
SINERDEMOCRATI1;ahivanbus
ahivanbus;hazlalinda
hazlalinda;PatriciaComas3
PatriciaComas3;CMRchile
CMRchile;Davick_song
Davick_song;P_Navia
P_Navia;bots_un
bots_un;FelipeSmides
FelipeSmides;PaulaHuenchuleo
Andres_luna5;Amani_Patri
hugolagosv;Amani_Patri
PergolaPzaNunoa;victortapiaG
victortapiaG;partnognsis
partnognsis;3exZeQL4p53tiCd
3exZeQL4p53tiCd;Amani_Patri
CamiloOjedaR1;Amadai_b00m23
Amadai_b00m23;ricardomillangu
ricardomillangu;Ghonoresr
Ghonoresr;Fuegoflama1
HashmonkeyEth;Fuegoflama1
AnefLagos;tdvC0TsJbyJOz4p
tdvC0TsJbyJOz4p;CasinoMinny
CasinoMinny;Fuegoflama1
Fuegoflama1;JsfChile
JsfChile;agurtocristian
agurtocristian;Amani_Patri
Amani_Patri;jvilla77
Esperanzaoliva8;williamconmar
williamconmar;GrvCom
GrvCom;jvilla77
jvilla77;Franchescoandr4
Franchescoandr4;Christianvaler
Christianvaler;CorpUdechile
CorpUdechile;FyneeDs
hnmazul;Ingelosofo_91
Ingelosofo_91;Carmen_lemunao
Carmen_lemunao;TeodoroRiberaN
TeodoroRiberaN;Dcaliva5
Dcaliva5;Diani_cr
Diani_cr;MaxMuno93112204
MaxMuno93112204;JRochaalcalde
AijalomWagner;JorgeAl00774173
JorgeAl00774173;JRochaalcalde
vecinosPtovaras;Grafton_Chile
Grafton_Chile;ChaSquEada
ChaSquEada;HastaColo
HastaColo;Fernasilvaval
mariapazlarrain;Alejandro198215
Alejandro198215;Fernasilvaval
Fernasilvaval;JRochaalcalde
Ptrely07;ZMyBerg
ZMyBerg;jruizivan
jruizivan;4nonosenelset
GABORPP;4nonosenelset
4nonosenelset;alejandroflor34
alejandroflor34;javieravera123
caluzca;ficmasazul
ficmasazul;Musashi_code
Musashi_code;mdonosoc
cucaovalle;ReydeNegras
UrrutiaPatty;Ali__CBA
Ali__CBA;pattygallardo11
Ali__CBA;antoniomirann
antoniomirann;anabuzzog
anabuzzog;ReydeNegras
ReydeNegras;mayda_vergara
mayda_vergara;FanDeIsaSouza2
FanDeIsaSouza2;mayda_vergara
FanDeIsaSouza2;mdonosoc
mdonosoc;Marze1o
Marze1o;LicOriginal
LicOriginal;javieravera123
javieravera123;marcoide
YessiCabreraG;spruhha
Marciomixx;MarioRa28628755
Tamaramedel2;RommySanhueza
Carloso94572314;CGE_Clientes
50Viejo;Andres24152509
ingenierosva;alegarreton
Mundanki132;beleen_medina
Mariapazff;beleen_medina
Tobias81893768;beleen_medina
beleen_medina;raquelpuginrios
raquelpuginrios;danilo_eventos
danilo_eventos;Aman7Nayak
Aman7Nayak;alegarreton
alegarreton;valle_cvallep
valle_cvallep;Andres24152509
Andres24152509;CGE_Clientes
CGE_Clientes;artemiolupin
artemiolupin;EspecialistasWB
mpobletevega76;Mercy0nMe_
Sysala1;Patoicio
Patoicio;Mercy0nMe_
Mercy0nMe_;estenavavilla
barbaramorav;estenavavilla
estenavavilla;izqautonoma_xiv
izqautonoma_xiv;NairaLunaa
_corca;Nortina_
Nortina_;NairaLunaa
NairaLunaa;josepal59
GritoGol;UniversidadesG9
Ricardo4833;VIGIAcovid
oursng;BarbaraFuchslo2
rdamianiq;psiquiatrason
psiquiatrason;carrenobalboa
carrenobalboa;berniquinonesa
berniquinonesa;rolagre77
BenCop66;Estrell01752712
Estrell01752712;ribarbosajr
KatyBachmann;ribarbosajr
soyvalparaiso;ribarbosajr
nuhong16;AlvarexErika
CheloMannett;JuanDiazdeRenca
JuanDiazdeRenca;psytriptuitero
psytriptuitero;conirk
conirk;patriciadelvi10
Rehenzo;FProvees
FProvees;copepodito
copepodito;claudiae2812
alarenasa;CRGM31
SamikamyN;CRGM31
CristyWeed87;kimnjenga3
kimnjenga3;CRGM31
RobGool;fkrtngt
esosanrod;ZGCP1983
ZGCP1983;DaveWeasel
DaveWeasel;doniquique
doniquique;fachazurda
NeumannAlberto;ElbaCancino1
daieta;ElbaCancino1
ElbaCancino1;SFBarrueto
SFBarrueto;ciudadano_repub
ciudadano_repub;ERORH
xexihappy;ERORH
ERORH;KokyTiti
KokyTiti;carignaro1967
carignaro1967;WaldoReyesPere1
pielintinta;javierveri
parnasiano;Solopar52294322
Javier10uc;SenoraVecina
malditosinonda;shegueurelmao
shegueurelmao;yesi0917
yesi0917;MeaCulpaDiaMen1
MeaCulpaDiaMen1;cnavarreteaedo
cnavarreteaedo;SenoraVecina
SenoraVecina;lacorotita
os_ccar;jel6071
fabianatburgos;mildebonita
Rulovaldivia;mildebonita
mildebonita;MstrPipa
Claudia59891347;negrismarce
chrissavend;CassanovaMarco
CassanovaMarco;negrismarce
negrismarce;MstrPipa
MstrPipa;jel6071
jel6071;ishtar_inana
ishtar_inana;lacorotita
lacorotita;Solopar52294322
Gustasaavedra;KunstLeo
KunstLeo;JSebachile
OMEGA_Antof;antorosalesb
ConapachChile;Alejand73666764
Alejand73666764;DVerdadJusticia
DVerdadJusticia;antorosalesb
SINTABU1;BelenFranlopezf
BelenFranlopezf;ro3zpNUkE75xKfx
VictorS86974793;agroceler
dannypali;agroceler
agroceler;buscamotel
buscamotel;HanComplicated
HanComplicated;ro3zpNUkE75xKfx
ro3zpNUkE75xKfx;mundodaboIa
mundodaboIa;ReginaFFalang
smoonuga;TobiasMETE1
TobiasMETE1;Rodri050716
Rodri050716;NativoPoblador
mesadeturismo;milenkagonzale3
BjpRajora;sarake
BjpRajora;Rmalvials1987
Rmalvials1987;ionel2168
ionel2168;ProyectoUn1
matareunmoustro;MaferPiC
lalaonate;MaferPiC
MaferPiC;Danieeela_10
Danieeela_10;pactochileverde
Alejand81222106;jorgediazxv
alb_dillane;WCensurado
BarbiPLANIKA;WCensurado
WCensurado;Juflyne
Juflyne;PORTFOLIOMDZ
PORTFOLIOMDZ;CheapestHandpan
CheapestHandpan;retirewcashflow
retirewcashflow;VuelaJetSMART
Claudioelcojo;Bilalisgoren
Bilalisgoren;Carlos51108469
Carlos51108469;VuelaJetSMART
VuelaJetSMART;ongas
BexireeYuri;ongas
ongas;Aylen_floresC
Aylen_floresC;jorgejorq
jorgejorq;RavMarco
RavMarco;isanavarro4x4
FindangoFinance;isanavarro4x4
isanavarro4x4;Victorirribarr5
isanavarro4x4;jorgediazxv
jorgediazxv;MAgdale95749596
MAgdale95749596;nancyc41111835
MAgdale95749596;pactochileverde
pactochileverde;ProyectoUn1
ProyectoUn1;CarMauricioB
CarMauricioB;rominaayancan
CarMauricioB;esosanrod
CarMauricioB;parnasiano
CarMauricioB;ingrid19gr
ingrid19gr;milenkagonzale3
milenkagonzale3;NativoPoblador
NativoPoblador;ReginaFFalang
Rodo_velasquezs;ReginaFFalang
ReginaFFalang;Rodo_velasquezs
ReginaFFalang;antorosalesb
antorosalesb;Regenera_org
Regenera_org;patricioibarrag
patricioibarrag;languages_web2
languages_web2;JSebachile
JSebachile;tatty1977
tatty1977;Cindi66916851
Cindi66916851;cindylukitas200
cindylukitas200;matbarr1
matbarr1;bRGBUP6xN1AIUMV
bRGBUP6xN1AIUMV;GasagaLtda
GasagaLtda;Solopar52294322
wasauski_may;DrDavidHarrison
casteltrin;VicenteAlduante
huaquin;VicenteAlduante
VicenteAlduante;LilyCon97677852
LilyCon97677852;WhoIsJudah
WhoIsJudah;l_yevenes
l_yevenes;DrDavidHarrison
Marcogar7;Verogato12
Verogato12;Pspractico
Pspractico;direc_alpaladar
direc_alpaladar;cecilialosrios
AltoRadio;kriss_2905
puyehuechile;rpalomovelez
ricperez6;rpalomovelez
rpalomovelez;kriss_2905
kriss_2905;valitacnco
coachievers;valitacnco
valitacnco;rrcarly_
rrcarly_;Mateo_Abogados
ontopofthehill_;mjosefasmart
mjosefasmart;Mateo_Abogados
Mateo_Abogados;cpvio
Fatima48333152;CarolynAnhDang
Fatima48333152;VIGIAcovid
CarolynAnhDang;monttmario7
monttmario7;PRDPanama2024
Pauli_Joh;animartinss
animartinss;9230_9
lalombrizz4;metalfingers6
metalfingers6;casteltrin
metalfingers6;BerniiiCN
BerniiiCN;9230_9
9230_9;PRDPanama2024
MiguelMoralesA5;JerryDo86748139
JerryDo86748139;Marcogar7
JerryDo86748139;PRDPanama2024
PRDPanama2024;Micky_Cami96
Micky_Cami96;cpvio
NicolsP54773357;karen_avenitaa
karen_avenitaa;UAI_VINA
weonvaldiviano;lavidaesahora_
KenzoShinya;Mazikeen0127
MARICHIWEU3;rsanmartin74
deRECHAzOo;ricardosierral2
TomasGreene;vcoronachile
ninkenny;LagosEliasmael
Raymond_2022;Pipesh2505
Pipesh2505;Marcelo8740
Marcelo8740;jocesita6
jocesita6;DAEMONTAT
DAEMONTAT;nonybonita
nonybonita;G25Joce
G25Joce;PazQuinteros2
PazQuinteros2;rodrigo_300km
sepulvedaradio;Noepilar12
ClaudiaFV;Cynthia833878
Cynthia833878;CDUC1937
JoseStu41880694;CDUC1937
CDUC1937;Nellylucero2
Nellylucero2;GonzaloSanchezU
GonzaloSanchezU;helenvaldivia76
helenvaldivia76;CristyWeed87
helenvaldivia76;Noepilar12
Noepilar12;strngev
strngev;rodrigo_300km
RicMontanaA;Marce_RT_
Marce_RT_;mazapan____z
docaramin;Estefakam
Estefakam;mazapan____z
mazapan____z;rodrigo_300km
vsni;Nahuelverduz1
Nahuelverduz1;rodrigo_300km
rodrigo_300km;VertigoCanal13
OmarZniga1;lagatanegra2020
lagatanegra2020;D_Hasson
osvaldocs80;D_Hasson
D_Hasson;MatiasYoelD
Jsvd30389989;blondehillie
blondehillie;JulioUlloa62
JulioUlloa62;MatiasYoelD
MatiasYoelD;karlita_c
karlita_c;mariaelenabr
mariaelenabr;VertigoCanal13
VertigoCanal13;asgodoys
asgodoys;ppddiputados
kikayfelipe;elmonkiki
mella_edu;Sophia_M2000
Sophia_M2000;Caritto_herrera
Caritto_herrera;TNT1987a
rofaundezg;TNT1987a
FresiaAlDia;DoctorErazo
RevistaelFrente;LebuFelipe
LebuFelipe;KaluhCandia
KaluhCandia;pollodiantres
pollodiantres;DoctorErazo
DoctorErazo;TNT1987a
CeciliaRoco1;WWNMEXICO
WWNMEXICO;Sophiaantonel16
Sophiaantonel16;Janita28161315
Sophiaantonel16;ReggaeEsVida_7
ReggaeEsVida_7;javibertens
Rodjara3;Linea3_Tracols
Linea3_Tracols;FundacionEmilia
Linea3_Tracols;Rodjara3
Linea3_Tracols;IzzyBellenoir_
Linea3_Tracols;valdivia_city
IzzyBellenoir_;LatinoCultura
LatinoCultura;GabrielaNicoole
GabrielaNicoole;CheloMannett
GabrielaNicoole;javibertens
javibertens;MiguelA19708341
MiguelA19708341;TNT1987a
TNT1987a;elmonkiki
anasharife;archipestre
Stelphone_Ltda;somend51
conpatitass;VTR_POWER
ChallengePetro;Noem08567630
Noem08567630;FITICHLOSLAGOS
FITICHLOSLAGOS;vraverta
vraverta;VTR_POWER
VTR_POWER;felipeBah1
felipeBah1;caroherreo
AndreaSilvaBaez;PrevencionACHS
PrevencionACHS;patioscout
patioscout;ongirv
ongirv;DiegoSafian
OsloTopNews;PameDola
PameDola;comisionbecas
comisionbecas;riggerberengue
riggerberengue;LeMasti
LeMasti;patioscout
LeMasti;nicolcornejop
nicolcornejop;GABORPP
nicolcornejop;antorosalesb
nicolcornejop;Danirulitos1
Danirulitos1;HdezVal18
HdezVal18;BeatrizFuentesR
BeatrizFuentesR;sadyzu
gonzalo_santeli;ANFUCULTURA
ANFUCULTURA;ravutec
ravutec;SMAPA_MAIPU
wilks_rover;jsalinasp
wilks_rover;Panchonimo
Panchonimo;ntapiagut
piorototype;marcos_matus_z
marcos_matus_z;kiliruiz
sanhueza_miguel;Ariasmotors
mamut_saez;Mily1977Mdr
MateoElUnic0;listabfedeunap
Vespucio_Norte;sebandres_
sebandres_;NairaLunaa
sebandres_;listabfedeunap
listabfedeunap;ANPTUFNacional
RostroPela;HumaUMT
juventud_pld;davom96
davom96;fabifernandezt
davom96;DiegoMirandaSJO
DiegoMirandaSJO;HumaUMT
HumaUMT;gloriagonzalezs
Misato_1988;gloriagonzalezs
gloriagonzalezs;ADRIANCOCA10
ADRIANCOCA10;ANPTUFNacional
ANPTUFNacional;Mily1977Mdr
Mily1977Mdr;6f7925890fe04e6
Mily1977Mdr;Ariasmotors
Ariasmotors;sergio232
SMEathens;CamNephilim
suadoracion;miriam07229440
miriam07229440;corellanau
corellanau;WhinyWhitch
WhinyWhitch;CamNephilim
CamNephilim;osakaumedagal
osakaumedagal;Timba06577617
Timba06577617;AnyRothen
AnyRothen;sergio232
flomabus;sergio232
sergio232;sistemasaberes
elmalalhuino;ViajeJazz
ViajeJazz;Milena55916208
Wilfred63841257;Adriana_del74
lema_telesphore;Adriana_del74
Adriana_del74;CMMUChile
CMMUChile;Milena55916208
Milena55916208;sistemasaberes
brotedeutopia;fundmustakis
Ismenia37016685;bohn_ingrid
bohn_ingrid;sapphiqued
LuzAlfa03225036;sapphiqued
sapphiqued;sebastianliera
sebastianliera;wolfgangkrl
wolfgangkrl;fundmustakis
JipRamakers;Gouvrard
Gouvrard;Emilia5603
Votamos__Todos;CPlominsky
CPlominsky;LaReinaIsabelCR
LaReinaIsabelCR;Emilia5603
claudio181270;ceciliaferretto
ceciliaferretto;margaritavigue1
margaritavigue1;claudio181270
margaritavigue1;Emilia5603
Emilia5603;mTelcocl
mTelcocl;Gouvrard
mTelcocl;fundmustakis
fundmustakis;90sdelire
90sdelire;TaniaDeLaPena
TaniaDeLaPena;JRG_RMZ_VDL
JRG_RMZ_VDL;sistemasaberes
miss_andromaca;Cindi66916851
miss_andromaca;BMeanwhilesmile
oooNaDiki;rudolphy81
rudolphy81;geIidez
geIidez;vargasangelita
vargasangelita;DaisyRamirezD1
DaisyRamirezD1;BMeanwhilesmile
BMeanwhilesmile;DaisyRamirezD1
BMeanwhilesmile;sistemasaberes
LIMA_nath;lulobascur
AlexSeguel_;Cristobal_Aries
claudiojimenezc;Cristobal_Aries
jdcpirque;Tatiana_HquezM
Tatiana_HquezM;8317iOleh
KarinaCaizares1;8317iOleh
aiiglesiasm;gmailpedrojesus
gmailpedrojesus;metrodance1
metrodance1;8317iOleh
jimesierralta;8317iOleh
8317iOleh;Cristin18684104
Cristin18684104;Cristobal_Aries
Cristobal_Aries;McNoLovin
ACru_zi;solange_parada
solange_parada;zaidacastillo51
zaidacastillo51;PensarPublico
PensarPublico;cervmp
cervmp;McNoLovin
McNoLovin;lulobascur
lulobascur;rvs2018
rvs2018;TariqJ76
TariqJ76;Francis00345554
Francis00345554;bloganimeredes
bloganimeredes;Carolin76319883
Carolin76319883;sistemasaberes
chasabocha;G_Simonetti
G_Simonetti;Umberto_Ecco
Umberto_Ecco;Obrero_cabreado
markosmarkogian;Obrero_cabreado
Obrero_cabreado;_Crow_one
CaroCiudadana;Carlos18725
Carlos18725;_Crow_one
_Crow_one;arielsilvac
paialiamos;rdiplus
Patriota_UC;ventasferiatec
KaKtiapaz;Cami_amh
domicheuquen;marisol_mell
marisol_mell;Cami_amh
Cami_amh;glorydulce3
glorydulce3;ventasferiatec
pauly_ep;CorvMauro
CorvMauro;Javier10uc
CorvMauro;ventasferiatec
ventasferiatec;rdiplus
rdiplus;CGE_Clientes
rdiplus;arielsilvac
arielsilvac;Phillip75182339
Phillip75182339;sistemasaberes
c78349185;mariaharding9
mariaharding9;Dany_abarzua
AlvarezPesca;Dany_abarzua
Dany_abarzua;bloganimeredes
Dany_abarzua;latitud_40
latitud_40;paupereiram
paupereiram;Mcaroli56252027
karialarconvl;Mcaroli56252027
Mcaroli56252027;sistemasaberes
sistemasaberes;JnavarreteU
JOROMEN;CarpatoLuisa
CarpatoLuisa;HectorValdes14
HectorValdes14;CGE_Clientes
HectorValdes14;JnavarreteU
JnavarreteU;kiliruiz
Enfermera247;MarkoAramayo
MarkoAramayo;AnarquiCaos
AnarquiCaos;Gustavo75555365
Gustavo75555365;carlos_fresard
carlos_fresard;kiliruiz
kiliruiz;ntapiagut
isabelsubercas;gustavok1966
gustavok1966;nancy10757
andreagon2115;THEBAN_30
EroAmia;nellywall1982
nellywall1982;ChaskonaMarce
crespitachikita;RodrigoRACT
dannamchale57;CamaraServ
juan_estay84;manuelotec
Sara01696542;manuelotec
manuelotec;alegon__
solecastrom;srubianog
srubianog;hospitallanco
casamingacom;yycontreras
yycontreras;hospitallanco
RBenaventeO;JavierOvando6
JavierOvando6;hospitallanco
hospitallanco;LuisAle44563128
dlopez_1992;Mujer_Opinando
Mujer_Opinando;LuisAle44563128
LuisAle44563128;SantiTaipe
SantiTaipe;daniel_audirac
daniel_audirac;cbdmoversnz1
KarinaAliante;FelipeDurn1
nikigc;FelipeDurn1
FelipeDurn1;cbdmoversnz1
evelyndamon;Carloso94572314
evelyndamon;AAceesco
AAceesco;Roberto_walk
Roberto_walk;marxko25
marxko25;TeamCata
marxko25;_corca
marxko25;NeumannAlberto
marxko25;Enap_Informa
Enap_Informa;Rayen37257630
BSPUERTOMONTT;Rayen37257630
PixelHada;AXPG
AXPG;c_vasquezups
ElFachoBOT1;c_vasquezups
ajunge1977;c_vasquezups
c_vasquezups;tutimiranda
tutimiranda;PRANIL4U
tutimiranda;higeasurcbd
higeasurcbd;Pablo_RoblesVar
JoseAhu01914846;Ustaomg
Ustaomg;SerChile
SerChile;Pablo_RoblesVar
Pablo_RoblesVar;espectatore
espectatore;Rayen37257630
Rayen37257630;jagoperu
jagoperu;SamikamyN
jagoperu;OsloTopNews
jagoperu;cbdmoversnz1
cbdmoversnz1;basquinsay
mwoldar;Ch0_zey
Ch0_zey;hectorrdf
M0NPT;hectorrdf
hectorrdf;basquinsay
medusaglo;Austral111
Austral111;Piro_45
Piro_45;NattyAgreste
BomberosConcon;ImTheDude00
ImTheDude00;DrMedio
DrMedio;cignaciosiv
cignaciosiv;rpjelcic
rpjelcic;Carmenquincha
Carmenquincha;shinobusatonaka
SquadBeehive;nicolasopazo10
nicolasopazo10;gesayare
nicolasopazo10;nuhong16
nicolasopazo10;paialiamos
nicolasopazo10;domicheuquen
nicolasopazo10;SolisAriadna
SolisAriadna;Rosienante
Rosienante;galo_tco
galo_tco;lafranzurita
Patty6818;lafranzurita
lafranzurita;shinobusatonaka
shinobusatonaka;Euterpes1977
MariaEu59916222;Euterpes1977
Euterpes1977;PammSoledad
PammSoledad;pasoapasochile
pasoapasochile;fiesta_dellibro
fiesta_dellibro;EroAmia
fiesta_dellibro;espaciolibreria
espaciolibreria;NattyAgreste
alfondoizq;NattyAgreste
NattyAgreste;mhsolis1
mhsolis1;Connectingera
Connectingera;basquinsay
basquinsay;mquiroz24
mquiroz24;MM_s___________
PanConShansh0;ps_francia
ps_francia;free_rise1
free_rise1;MM_s___________
MM_s___________;OtakuDicen
OtakuDicen;adregad
isabel68247330;Marcela75363592
Marcela75363592;Pagina14informa
Marcela75363592;JRochaalcalde
AlexJavierSan11;Pagina14informa
RodrigoOlea;ColkineLos
CamiFreedom;LebuFelipe
CamiFreedom;betanzo_c
Manuel_munozt;JorgeRaulOlguin
JorgeRaulOlguin;JAFRAUTHAM
JAFRAUTHAM;rapopular
cgonzalezrothen;DeaRNarisara
eventsysca;Metro_Textual
TheLOTRMemes_;RojascFlo
RojascFlo;remberto_cortes
remberto_cortes;Patty6818
remberto_cortes;ManuVidelar
ManuVidelar;John_Groweers
John_Groweers;Metro_Textual
Metro_Textual;DeaRNarisara
DeaRNarisara;ciro_cavs18
ciro_cavs18;FSC_Chile
TiaZurda;AlmanaqueUC
DavidG79;hvv89840696
JenniferQuero2;Viatea
Viatea;EnCamino13
jurgen_kraus420;terryanjth
terryanjth;RojoEterno2
RojoEterno2;EnCamino13
CondorMillaman;skinnyba6
skinnyba6;EnCamino13
Enrique16176567;Pablo_RoblesVar
Enrique16176567;EnCamino13
EnCamino13;barbaramorav
EnCamino13;hvv89840696
hvv89840696;Alex_Yai5
Alex_Yai5;3exZeQL4p53tiCd
Alex_Yai5;Mariapazff
Alex_Yai5;miss_andromaca
Alex_Yai5;La_contumaz
RKSimpkins;del_pueblo_2014
Juanjo27238163;del_pueblo_2014
del_pueblo_2014;CARLORO36271887
CARLORO36271887;Dafg22102604
Dafg22102604;EnCamino13
Dafg22102604;frevsenredes
Daniza57370303;CFTesTarapaca
Daniza57370303;Sara01696542
Daniza57370303;Florencia_Pink
AlonzoNicolas;elpanchochavez
educacion_cs;AfterDarkFMRP
AfterDarkFMRP;elpanchochavez
chrislatitudsur;modelacion
PaulaSalvoDelC;Alterna_VE
joseIgnncio;anti_estupidos
anti_estupidos;cesarsosa8
cesarsosa8;MaferPiC
cesarsosa8;NotiChavez
NotiChavez;Alterna_VE
Alterna_VE;franrubiom
waldooyarzun;HSolteito
NaturaCarola;c_retamales
c_retamales;HSolteito
HSolteito;kakofran7
kakofran7;franrubiom
franrubiom;GranJediLoco
GranJediLoco;Daniela49905040
Daniela49905040;modelacion
tiznado_ignacio;PlanetaQuintana
Cototudo2;elina_jg
avelinosalazar7;albitafanatica
albitafanatica;elina_jg
elina_jg;Oscarcrisostomo
Oscarcrisostomo;BruceVH
BruceVH;DrDasfi
DrDasfi;historia2009
JamieTorrijo;Porlaputa
Porlaputa;confita2spa
confita2spa;WheyVillasmil
neogerardo;TheRealBigKabu
TheRealBigKabu;JoseStu41880694
TheRealBigKabu;rare_sora
rare_sora;Chavezdaniell12
Guazz_777;Chavezdaniell12
educanetformac1;paulaaguayo5
paulaaguayo5;sapphiqued
paulaaguayo5;valdicultura
valdicultura;JoseLui78398556
JoseLui78398556;Chavezdaniell12
Chavezdaniell12;JoseRubenIturr1
JoseRubenIturr1;ClaudioGM21
ClaudioGM21;Graciela727
Graciela727;WheyVillasmil
WheyVillasmil;reinadelaironia
carmengloriavch;Rodri050716
carmengloriavch;AltoRadio
carmengloriavch;TrabajoEnCasaML
carmengloriavch;alegon__
TrabajoEnCasaML;KennyTuitero
KennyTuitero;alvarogeoclima
AndreaGuapita;maylingcortez
maylingcortez;andresamagalli
andresamagalli;artecanal
artecanal;alvarogeoclima
alvarogeoclima;LaManoNegraOri
LaManoNegraOri;Allwaves1
Allwaves1;Alvaritu_23
Alvaritu_23;reinadelaironia
reinadelaironia;Ka_ef2
ANDRESROJASFLO5;osramirezr
osramirezr;palirubilar_
palirubilar_;Ka_ef2
Ka_ef2;eduarditoariel1
GaliMilf;PamelaGuerrero
zerimarjasiel00;vientredeballen
vientredeballen;1CorazonDelator
SandraMalaveH;VitocoAgro
VitocoAgro;Carmen_lemunao
VitocoAgro;nikigc
VitocoAgro;JoseAhu01914846
VitocoAgro;1CorazonDelator
1CorazonDelator;patagoniamawida
patagoniamawida;DaniUbillac
DaniUbillac;rrivasbr
clau_dia1972;Yonatha69507659
Yonatha69507659;rrivasbr
rrivasbr;PamelaGuerrero
PamelaGuerrero;TraveIFaves
PamelaGuerrero;mafdagarfiasf
PamelaGuerrero;NaturaCarola
PamelaGuerrero;karenmachuca1
karenmachuca1;eduarditoariel1
eduarditoariel1;Rrojas175Toto
Rrojas175Toto;Ricardo56733571
Ricardo56733571;historia2009
historia2009;nauticoquilmes
nauticoquilmes;PlanetaQuintana
gyyslaine;pedrooperador
pedrooperador;Sadia_pukhtana
veronic14978657;Gonzalo20212
veronic14978657;JRochaalcalde
florrcitadelsur;AndimeLosRos1
AndimeLosRos1;Gonzalo20212
magnificus1;soledadcau
soledadcau;MPuzzella
Pabla2255102021;deRECHAzOo
Pabla2255102021;Franrechazo
Franrechazo;MPuzzella
aletopito;aleparramuoz
aletopito;Claudioelcojo
aletopito;monttmario7
aletopito;elmaraya14
elmaraya14;AleNazco
AleNazco;anasharife
AleNazco;girasolok
girasolok;PatagoniaDev
PatagoniaDev;carlosdeniebla
PatagoniaDev;JRochaalcalde
carlosdeniebla;labrujaamelia
tanharta__;JcalarconVidal
arielpangui;jacquel44803423
jacquel44803423;SEBASTI29273113
SEBASTI29273113;JcalarconVidal
JcalarconVidal;casanovadisco
casanovadisco;convista_al_mar
FondoAlerta;fefy_a
fefy_a;Klau1974
Carlos97326767;Klau1974
Carlos97326767;Gonzalo20212
Carlos97326767;JRochaalcalde
Carlos97326767;MAJOSEPUGA
Klau1974;christiansando6
christiansando6;gataexoticv
gataexoticv;Agustin95775830
_mayara_amaral;marciamarchantf
marciamarchantf;Agustin95775830
Agustin95775830;convista_al_mar
convista_al_mar;labrujaamelia
Lisspao26;chileboy26
chileboy26;rabdomante
rabdomante;beautyblissbyL
PabloAn72474248;beautyblissbyL
El22TiraElCarro;AmiyahNP
AmiyahNP;beautyblissbyL
beautyblissbyL;labrujaamelia
labrujaamelia;GaliMilf
labrujaamelia;MartaCorts18
MartaCorts18;Huidobro_Pablo
PoncePily;Essential_Bad
ALPZA_Zoos;lelete14
lelete14;Essential_Bad
Essential_Bad;plipaz86
plipaz86;Alexisdivo1
Alexisdivo1;RacsoRamirez2
RacsoRamirez2;Javiera57741999
Javiera57741999;Huidobro_Pablo
XimeveroG;soyelopez
soyelopez;NodoArtesania
soyelopez;CMRchile
soyelopez;antoniomirann
soyelopez;GritoGol
soyelopez;Patriota_UC
soyelopez;MarianaT_DelRio
MarianaT_DelRio;EvaSali42334223
joanralu;Marce_RT_
joanralu;CarelessSons
joanralu;infosuroficial
CarelessSons;whynotsaint
Zizo1988143;TheAndhBhakti
TheAndhBhakti;FBS_Maqawis
jaimequ25362197;pattyChileLibre
pattyChileLibre;CoillaJose
CoillaJose;FBS_Maqawis
FBS_Maqawis;Antoniocubill15
Antoniocubill15;whynotsaint
whynotsaint;mirtharojasp
Juanizio_C;mirtharojasp
mirtharojasp;EvaSali42334223
EvaSali42334223;Huidobro_Pablo
kingskidsms;UnidadATTA_CL
ElTiempoCurico;UnidadATTA_CL
UnidadATTA_CL;Maria38211644
CFarias8;FRANCIS30304951
FRANCIS30304951;Maria38211644
Maria38211644;dani_xP_aguado
dani_xP_aguado;Luzelisafer
Luzelisafer;MiguelMoralesA5
Luzelisafer;Huidobro_Pablo
MMAMagallanes;ojeda181
kattmiel;ojeda181
manuhanselmo;ojeda181
ojeda181;la10cl
florilic;la10cl
SrFaick;SethDemian76
SethDemian76;Duranasenador
PorOtto_Chileno;PaulaPardoL
PaulaPardoL;ANPTUFNacional
PaulaPardoL;Duranasenador
Duranasenador;marincastro
marincastro;datrebil15
FuentesJavi19;datrebil15
datrebil15;ShahriyarAlmam1
ShahriyarAlmam1;SMAPSChile
SMAPSChile;literalmenteyo4
literalmenteyo4;la10cl
la10cl;Matilda_lemon
Matilda_lemon;xFVVA
Ricardo29525549;jlprobostep
macbu1136;jlprobostep
jlprobostep;xFVVA
xFVVA;ficmasazul
xFVVA;RChDerComparado
RChDerComparado;FcoPilquiman
FcoPilquiman;didiergonzalez
didiergonzalez;AbigailSalasCa2
martinigcp;Daily_FG_Music
NadiaRe86621583;R69Pizarro
R69Pizarro;carlos91030655
Mirk_T;Munuelluismend1
Munuelluismend1;demarsal
demarsal;NoTengoCara__
NoTengoCara__;TarreoWWEChile
todorapidoca;magueropv
magueropv;ghizurr
TuringoStudio;MujerdelSurCl
MujerdelSurCl;lolytapia
lolytapia;orlandocanota
Barrientop;orlandocanota
orlandocanota;markosmarkogian
orlandocanota;victorbanshee
victorbanshee;chacon_lency
chacon_lency;JoaquinsotoA
JoaquinsotoA;AmpueroMatias
AmpueroMatias;ghizurr
AmaralesJose;jesus_sims
jesus_sims;Javier_ParraG
jesus_sims;JsfChile
jesus_sims;patricioibarrag
jesus_sims;Juanizio_C
jesus_sims;belecv
belecv;boletinatacama
Remi_Vodka;familiaasp
Remi_Vodka;CeciliaRoco1
Remi_Vodka;AAceesco
Remi_Vodka;free_rise1
Remi_Vodka;boletinatacama
Remi_Vodka;Pagina14informa
TomasHuisca;noname510618103
aqui_san;koty_10
koty_10;Estelanoexiste
Estelanoexiste;noname510618103
noname510618103;LoganCrack
LoganCrack;MariaAn82589906
MariaAn82589906;EugenioKapo
CorbelleBravo;Jeann_Esco
Jeann_Esco;xoxiriquelme
xoxiriquelme;anitama82040501
anitama82040501;EugenioKapo
EugenioKapo;pollodiantres
EugenioKapo;boletinatacama
boletinatacama;ghizurr
ghizurr;FunGhoul26
tomasprofesor;FunGhoul26
FunGhoul26;MaxMuno93112204
FunGhoul26;TBlackgunner
TBlackgunner;manuman03
manuman03;fetrafalchile
fetrafalchile;NUTRICION_CHILE
reseba21;Maritasaldivia
Maritasaldivia;sandraoyarzuns
Maritasaldivia;flomabus
Maritasaldivia;TaniaDeLaPena
Maritasaldivia;FondoAlerta
Maritasaldivia;NUTRICION_CHILE
NUTRICION_CHILE;JAlvarezSZ
MariaEl91226087;IrisSepulveda17
IrisSepulveda17;JAlvarezSZ
JAlvarezSZ;SrFaick
JAlvarezSZ;campoat
campoat;patricioarieldu
patricioarieldu;TarreoWWEChile
TarreoWWEChile;layla__osman
layla__osman;espaciolibreria
layla__osman;BlueActionFund
layla__osman;marcoide
BlueActionFund;Charlokoo
Charlokoo;carlos91030655
mateusdias78;xhiboux
xhiboux;MarioAugustop13
MarioAugustop13;LaNuevaRazon
LaNuevaRazon;JavieraRo2
LaNuevaRazon;ricardosierral2
Claudiapluma;jeffmoustakim
jeffmoustakim;shegueurelmao
jeffmoustakim;ChallengePetro
jeffmoustakim;aduelmicherlin1
aduelmicherlin1;JavieraRo2
JavieraRo2;carlos91030655
carlos91030655;estequevan
pilardonosog;madiazreyes
madiazreyes;noali_de_MATEO
noali_de_MATEO;GarciaColorad0
GarciaColorad0;estequevan
estequevan;EroAmia
estequevan;Daily_FG_Music
Daily_FG_Music;cealchile
rocknaldstar;cealchile
cealchile;AbigailSalasCa2
AbigailSalasCa2;exhimedia
exhimedia;acatalan
exhimedia;Mirk_T
exhimedia;AudenicoBarria
AudenicoBarria;jorgeerrazuriz
jorgeerrazuriz;neguimananita
neguimananita;Huidobro_Pablo
Huidobro_Pablo;MPuzzella
MPuzzella;jirafaby
jirafaby;smoonuga
jirafaby;terryanjth
jirafaby;veronic27029420
veronic27029420;consultoria_qr
servextintores;txsradio
Mercede94104401;kike_orrego
kike_orrego;txsradio
txsradio;GPM_Dental
Fumarcl;GPM_Dental
GPM_Dental;dadamaia
dadamaia;Marciomixx
dadamaia;RobGool
dadamaia;LIMA_nath
dadamaia;kingskidsms
dadamaia;manuhanselmo
dadamaia;casal2em1
casal2em1;innocentamomo
instructormnejo;Carolin76967557
Carolin76967557;burgosraimundo
burgosraimundo;RodAstorga
Diego_79_89;NicoIgnacio146
BluesGino;Jm201917
Jm201917;BaranaoRene
BaranaoRene;ZurdaRoja1312
BaranaoRene;SamantaAnriquez
SamantaAnriquez;planet_roller
planet_roller;NicoIgnacio146
NicoIgnacio146;m_gku
fernandininini;JaviMarturet
JaviMarturet;m_gku
m_gku;Guazz_777
m_gku;Roberto26434668
Roberto26434668;RodAstorga
RodAstorga;nitandisponible
nitandisponible;laboroajmm
laboroajmm;andreasalomon79
colkine;andreasalomon79
andreasalomon79;arancibialmte
arancibialmte;gloriaparedesAB
gloriaparedesAB;Augusto35071539
Augusto35071539;innocentamomo
innocentamomo;SSalamanca3
SSalamanca3;SINERDEMOCRATI1
SSalamanca3;alexaraya1yaho1
alexaraya1yaho1;Javiavs
Javiavs;GiocondaVillan1
FlorenciaNoMas2;teachercon3ras
teachercon3ras;elbalagos11
teachercon3ras;estenavavilla
teachercon3ras;ElTiempoCurico
teachercon3ras;carolinapaz2074
carolinapaz2074;Enrique92621856
Enrique92621856;GiocondaVillan1
GiocondaVillan1;lilitairot
lilitairot;consultoria_qr
consultoria_qr;pulquillanc
pulquillanc;PixelHada
pulquillanc;rocknaldstar
pulquillanc;servextintores
pulquillanc;Gonzalo20212
pulquillanc;JRochaalcalde
hugoradu;leo_flowers100
xplosiva2;Ma_LadelBarrio
Ma_LadelBarrio;rodmsaez
LatorreCalama;ValpoAp
carmelitaclaro;AsadAmeenpak
AsadAmeenpak;AlexisMoralesZ2
AlexisMoralesZ2;jel6071
AlexisMoralesZ2;tatty1977
AlexisMoralesZ2;Carlos18725
AlexisMoralesZ2;ValpoAp
AlexisMoralesZ2;sindicatosinave
AltoAbuelo;araucaniacuenta
araucaniacuenta;ACUARIOSVALDIVI
ACUARIOSVALDIVI;Hilda98768091
valeriavillau;KrahmerParque
KrahmerParque;isimaher2
isimaher2;g010101010101
isimaher2;GrvCom
isimaher2;Connectingera
isimaher2;fcojavier_cl
isimaher2;ntapiagut
fcojavier_cl;julopessouzas
nachosor;solari_mia
solari_mia;Entubarvaldivia
Entubarvaldivia;MikeWellsAuthor
Bundy_dad;MikeWellsAuthor
MikeWellsAuthor;julopessouzas
julopessouzas;MrsDraper__
Mathelo16;Jamesjay998
Jamesjay998;pekesinceraa
pekesinceraa;Echourio23
Echourio23;HOberreuter
HOberreuter;emerson_steven
FeminasLatinas;chuletex
MabelGalindoE;AyalaPachalon
Tannia_ramirez;christi26844363
christi26844363;AyalaPachalon
AyalaPachalon;BluesGino
AyalaPachalon;MabelGalindoE
AyalaPachalon;christi26844363
AyalaPachalon;chuletex
chuletex;fasp2711
fasp2711;DMSSeguridad
DMSSeguridad;ChristusVincit_
hvilches1968;Liset62795856
AdanMan6;aliciaalarconp
AdanMan6;karen_avenitaa
AdanMan6;nikigc
AdanMan6;EnCamino13
AdanMan6;moralesdechile
moralesdechile;queensugamin
queensugamin;GustavoCastro08
GustavoCastro08;PLopezFlores
Mimus_thenca;4nonosenelset
Mimus_thenca;Patoicio
Mimus_thenca;AlexSeguel_
Mimus_thenca;PLopezFlores
PLopezFlores;Yiyasm
marcelosaaved19;Salem21280354
Salem21280354;pecaswonderlust
rodrigoxtm86;bonustrackcl
InjuvChile;jesusberbesi
jesusberbesi;espectatore
jesusberbesi;EmilioErrazuriz
ClauGvm;NicoToxico
ClauGvm;Raul_Verdugo_
ClauGvm;Pauli_Joh
ClauGvm;galo_tco
ClauGvm;MariaEu59916222
ClauGvm;clau_dia1972
ClauGvm;Lisspao26
ClauGvm;EmilioErrazuriz
EmilioErrazuriz;neverlandofmia
juligmeza;Rickyrvvaldez1
Rickyrvvaldez1;TheLOTRMemes_
Rickyrvvaldez1;neverlandofmia
neverlandofmia;BakxRios
BakxRios;gustavo_del_sur
gustavo_del_sur;bonustrackcl
lauraescobara;colomba_5
colomba_5;KecjimenezKatia
KecjimenezKatia;Regul8_UK
xavierodontolog;Regul8_UK
Regul8_UK;a_fernandezv12
Vasquezb171;a_fernandezv12
a_fernandezv12;ricperez6
a_fernandezv12;bonustrackcl
bonustrackcl;KarinKarjania
KarinKarjania;panguipulli
panguipulli;Rmalvials1987
panguipulli;tiznado_ignacio
panguipulli;carmengloriavch
panguipulli;pecaswonderlust
panguipulli;alegon__
pecaswonderlust;meloncnvino
meloncnvino;leene
leene;AriaJanessa
AriaJanessa;pachy2906
pachy2906;Yiyasm
TERECOMIENDOCL;Yiyasm
Yiyasm;acelgachascona
acelgachascona;cpailalef
cpailalef;Liset62795856
cpailalef;EduFelipe_C
MurbinaMaria;ArteYessie
ArteYessie;RutaVioleta
Ascetic0;RutaVioleta
RutaVioleta;RBenaventeO
RutaVioleta;e_banmedica
AlexiMoralesZa1;aleparramuoz
AlexiMoralesZa1;HastaColo
AlexiMoralesZa1;LuisAle44563128
AlexiMoralesZa1;Metro_Textual
AlexiMoralesZa1;albitafanatica
AlexiMoralesZa1;AlexisMoralesZ2
AlexiMoralesZa1;e_banmedica
e_banmedica;TheRON_____
TheRON_____;KatyuskaBP
KatyuskaBP;RojitaSandra
clarochile_cl;RojitaSandra
RojitaSandra;hernark
luisastudillop;Ely77661891
RosalinaSanche;Ely77661891
AlyssaAnnBowen;LaWairona
LaWairona;biodescodifica_
cmunozburgos;miazbaagu
amannda_hz;thegaragewines
DennisMena19;CentroMullier
CentroMullier;soyconcepcion
NolanaMusica;ingsantana2009
CarlosC77557353;Mariaasinomas
Mariaasinomas;Dannycupete
Dannycupete;Reconocidosnet
Dannycupete;HarinaBlanquita
Dannycupete;juventud_pld
Dannycupete;Ariasmotors
Dannycupete;ingsantana2009
ingsantana2009;soyconcepcion
medxtrr;Tranfugo
Tranfugo;danielss_1
danielss_1;vickenciaaa
Xupete24;LoganCrack
Xupete24;danyc7
danyc7;Alexis_del_sur
Alexis_del_sur;PazQuinteros2
Alexis_del_sur;RicMontanaA
Alexis_del_sur;vickenciaaa
vickenciaaa;soyconcepcion
TomasCa26828747;Robertita_F
Robertita_F;soyvalparaiso
Robertita_F;juan_estay84
Robertita_F;meloncnvino
Robertita_F;soyconcepcion
soyconcepcion;E_Rey_Nero
EfficiencyGuru;JoseASabat
JoseASabat;TecnoUSM
DelCampoValdes;ECSHOOPS1
ECSHOOPS1;Maurici34897778
Maurici34897778;Orlando_RZ
Orlando_RZ;TeacherMoya
TeacherMoya;TecnoUSM
TecnoUSM;VinilosAltaGama
lotz131;VinilosAltaGama
VinilosAltaGama;Serenna59410194
Serenna59410194;marquez_anyelo
dureale;raulitogar
raulitogar;lagauchapuq
raulitogar;jdcpirque
raulitogar;JoseASabat
raulitogar;Patricioleivah1
OmarVeg83715900;ProfesorMarito
MilaCrdenas1;libsocialdem
libsocialdem;REIKIACONCAGUA
REIKIACONCAGUA;ProfesorMarito
ProfesorMarito;andressepl
robugo7;carlosalmonaci
carlosalmonaci;andressepl
andressepl;isabelsubercas
andressepl;Mirk_T
andressepl;super_elias
super_elias;ConstanzaMuozS3
ConstanzaMuozS3;ErikaHennings
expreso_info;JudiaAron
JudiaAron;D_Hasson
JudiaAron;DoctorErazo
JudiaAron;ErikaHennings
ErikaHennings;confita2spa
ErikaHennings;SMonje27
SMonje27;Patricioleivah1
Patricioleivah1;mamut_saez
Patricioleivah1;MateoElUnic0
Patricioleivah1;CFarias8
Patricioleivah1;amannda_hz
Patricioleivah1;raulitogar
Patricioleivah1;GABRIEL62394433
GABRIEL62394433;TxRaveFam
Gingleve;OrdenesRamos
OrdenesRamos;TxRaveFam
TxRaveFam;marquez_anyelo
marquez_anyelo;MariaEs75549772
marquez_anyelo;BexireeYuri
marquez_anyelo;Cristobal_Aries
marquez_anyelo;hectorrdf
marquez_anyelo;dureale
marquez_anyelo;EfrainDiazL
EfrainDiazL;Fabrilo1
Fabrilo1;meteoro917
rq_HH;RubyRuRubyRu
RubyRuRubyRu;juanarayamardon
juanarayamardon;meteoro917
meteoro917;Manuel04262461
Manuel04262461;Pamp72
Pamp72;E_Rey_Nero
E_Rey_Nero;rdamianiq
E_Rey_Nero;TuringoStudio
E_Rey_Nero;thegaragewines
thegaragewines;fcaniualdan
pescatuto;fcaniualdan
fcaniualdan;juanchiigom
juanchiigom;pablosanhuezar
Max_Peruvian;comoelmusguito
comoelmusguito;pablosanhuezar
prisilasesorias;KoopsPits
KoopsPits;cgtservidor
cgtservidor;AndreaBoyco
cgtservidor;Cinthia69314642
cgtservidor;DavidG79
cgtservidor;historia2009
cgtservidor;Ivanvegas73hot1
Ivanvegas73hot1;cfaundez
Allie_Rosas;cfaundez
cfaundez;Vlubbert
cfaundez;mariapazlarrain
cfaundez;Enap_Informa
cfaundez;Manuel_munozt
cfaundez;e_banmedica
cfaundez;pablosanhuezar
cfaundez;marcoide
pablosanhuezar;Macrista_oK
Lapageria;rodrigochaura
Lapageria;agurtocristian
Lapageria;claudiojimenezc
Lapageria;Tannia_ramirez
Lapageria;epicentro1960
epicentro1960;LuisArane2
LuisArane2;EnriqueFerradaQ
EnriqueFerradaQ;Maurici44935293
Maurici44935293;AlyOyaneder
luis_toro_t;frangrogg
CatyMarty;isellegue
isellegue;paulacortesdiaz
paulacortesdiaz;RdRepublic
RdRepublic;frangrogg
frangrogg;DesRuedaCL
DesRuedaCL;mairtinofaolain
mairtinofaolain;Tito_Alarcon_C
Tito_Alarcon_C;usman_seraj
usman_seraj;AlyOyaneder
AlyOyaneder;FABIOLA02921487
FABIOLA02921487;Zeba_Hazard
lariva;mibouza
mibouza;FontecillaMarce
FontecillaMarce;chrissavend
FontecillaMarce;232bas
232bas;moringp32
LdelSurNoticias;Nico_DomC
Nico_DomC;igmendezor
Nico_DomC;FreddyGarciaC
Nico_DomC;Vlubbert
Nico_DomC;Juanjo27238163
Nico_DomC;joseIgnncio
Nico_DomC;frangrogg
Nico_DomC;mibouza
Nico_DomC;MarchantVaras
MarchantVaras;ciencia_unab
ciencia_unab;piaelizabethvm
piaelizabethvm;moringp32
AleMp97209953;albitafanatica
AleMp97209953;moringp32
AleMp97209953;Pagina14informa
moringp32;foxconfecciones
handstand_cl;AbarcaRbn
zombyy;AbarcaRbn
foxmit;cgpinilla
cgpinilla;ciudadanoidiota
ciudadanoidiota;CalexisD
ciudadanoidiota;mara_villa_sol
ciudadanoidiota;matareunmoustro
ciudadanoidiota;alfondoizq
ciudadanoidiota;ANDRESROJASFLO5
ciudadanoidiota;PoncePily
ciudadanoidiota;Diego_79_89
ciudadanoidiota;AbarcaRbn
AbarcaRbn;matus_abraham
matus_abraham;Strategy_Gal
Strategy_Gal;blueblu40251707
blueblu40251707;foxconfecciones
cati_1977chile;LuisPul14588690
LuisPul14588690;Helen43338619
LuisPul14588690;SextoyVegas
SextoyVegas;foxconfecciones
foxconfecciones;docaramin
foxconfecciones;ajunge1977
foxconfecciones;handstand_cl
foxconfecciones;MarcoNogales3
MarcoNogales3;EstradaClarke
EstradaClarke;ricardo_andresh
Ruthrut43486682;franciseiche91
franciseiche91;ricardo_andresh
ricardo_andresh;Zeba_Hazard
Zeba_Hazard;314quince
314quince;llerena_julia
llerena_julia;Macrista_oK
Macrista_oK;Emma_EG_
Daniza14975747;CFTesTarapaca
Daniza14975747;Mundanki132
Daniza14975747;kattmiel
Daniza14975747;consultoria_qr
Daniza14975747;Emma_EG_
Emma_EG_;nancyc41111835
Emma_EG_;Verogato12
Emma_EG_;Sara01696542
Emma_EG_;XimeveroG
Emma_EG_;hugoradu
Emma_EG_;Tazmania224
elcuba6;Xupete24
elcuba6;QuilClaudio
QuilClaudio;Raymond_2022
QuilClaudio;JaimeFariasC
JaimeFariasC;ontopofthehill_
JaimeFariasC;jocesita6
JaimeFariasC;mhsolis1
JaimeFariasC;FlorenciaNoMas2
JaimeFariasC;danielss_1
JaimeFariasC;Tazmania224
Tazmania224;DuranDiputado
DuranDiputado;dario_munozp
dario_munozp;prez_bernardo
ralocarca;prez_bernardo
prez_bernardo;ralocarca
prez_bernardo;Verdatagiando
ElHazor;cheleq
cheleq;RolandoHernn1
RolandoHernn1;Piri_Iriarte
RolandoHernn1;UrrutiaPatty
RolandoHernn1;alarenasa
RolandoHernn1;ceciliaferretto
RolandoHernn1;chasabocha
RolandoHernn1;XimeveroG
RolandoHernn1;pilardonosog
RolandoHernn1;mauroxpp
_caro76;Cototudo2
_caro76;magnificus1
_caro76;PorOtto_Chileno
_caro76;Fumarcl
_caro76;mauroxpp
mauroxpp;medusaglo
mauroxpp;El22TiraElCarro
mauroxpp;marcelosaaved19
mauroxpp;xavierodontolog
mauroxpp;EstradaClarke
mauroxpp;_caro76
mauroxpp;Verdatagiando
Verdatagiando;Piri_Iriarte
Verdatagiando;Preludi51983169
Verdatagiando;Amani_Patri
Verdatagiando;jel6071
Verdatagiando;Gouvrard
Verdatagiando;ceciliaferretto
Verdatagiando;JOROMEN
Verdatagiando;dannamchale57
Verdatagiando;ClaudioGM21
Verdatagiando;mauroxpp
Verdatagiando;MolettoMa
MolettoMa;Damarisaravenaa
Damarisaravenaa;AltoAbuelo
Damarisaravenaa;Catherineosc
Damarisaravenaa;JRochaalcalde
Catherineosc;nutriconsuelo
misssimpatiiia;anahicilla
misssimpatiiia;pachidiaze
anahicilla;PrevencionACHS
anahicilla;oooNaDiki
anahicilla;casamingacom
anahicilla;fernandininini
anahicilla;luisastudillop
anahicilla;paulinajvarelaf
paulinajvarelaf;nutriconsuelo
nutriconsuelo;Metro_Textual
nutriconsuelo;miazbaagu
miazbaagu;AngelaR89482906
miazbaagu;languages_web2
miazbaagu;Mujer_Opinando
miazbaagu;MMAMagallanes
miazbaagu;nutriconsuelo
miazbaagu;biodescodifica_
biodescodifica_;SofiaER96
SofiaER96;silvana_daphne
silvana_daphne;ElHazor
silvana_daphne;Ely77661891
Ely77661891;frederickbulzar
frederickbulzar;DZP2022
frederickbulzar;KunstLeo
frederickbulzar;Sophia_M2000
frederickbulzar;DelCampoValdes
frederickbulzar;Elmer24955960
Elmer24955960;alepelusa
alepelusa;hernark
hernark;AijalomWagner
hernark;JorgeRaulOlguin
hernark;Charlokoo
hernark;solari_mia
hernark;Bundy_dad
hernark;foxmit
hernark;AngelaR11235224
AngelaR11235224;The_channels
The_channels;Carretes
The_channels;FuturodeChile
FuturodeChile;TerapiaUBU
estebanvarasv;Eckhartvoncroy_
JHirschkowitz;PanConShansh0
JHirschkowitz;lolytapia
JHirschkowitz;moralesdechile
JHirschkowitz;Eckhartvoncroy_
JHirschkowitz;AlvaroMankeC
Eckhartvoncroy_;edazinho
herminiacolina;Ronnynorambuena
Ronnynorambuena;XimenaSilva22
XimenaSilva22;changomorrino
changomorrino;edazinho
daskapitaledi;AryaStark666
AryaStark666;Ali__CBA
AryaStark666;HanComplicated
AryaStark666;PammSoledad
AryaStark666;TiaZurda
AryaStark666;EnCamino13
AryaStark666;andresamagalli
AryaStark666;LeyAmordePapa
LeyAmordePapa;DagofloL
LeyAmordePapa;edazinho
edazinho;mariapazlarrain
edazinho;CarlaBe54355800
sandracanales38;CarcamoRoxy
CarcamoRoxy;mpobletevega76
CarcamoRoxy;Ronnynorambuena
CarcamoRoxy;CarlaBe54355800
CarlaBe54355800;CarcamoRoxy
CarlaBe54355800;TerapiaUBU
TerapiaUBU;Liset62795856
Liset62795856;PARLosLagos
crismateus;FundacionEmilia
crismateus;Ingelosofo_91
crismateus;soyvalparaiso
crismateus;EnCamino13
crismateus;PARLosLagos
PARLosLagos;soydenegri
soydenegri;gersonlopezdiaz
gersonlopezdiaz;lema_telesphore
gersonlopezdiaz;fefy_a
gersonlopezdiaz;Mercede94104401
gersonlopezdiaz;angelartuy
angelartuy;CaroloCosas
CaroloCosas;PazQuinteros2
CaroloCosas;ClauGvm
CaroloCosas;MacarenaZuniga3
MacarenaZuniga3;covidlosrios
alanisXD2016;HectorHuici
JoseMardonesP;mpineberro0
ApuAndeschile;BaobabSafari
BaobabSafari;MustBee17
BaobabSafari;RKSimpkins
BaobabSafari;tyonae_audri
tyonae_audri;felipemzista
pkla2;felipemzista
felipemzista;KarinaAliante
felipemzista;fetrafalchile
felipemzista;InjuvChile
felipemzista;TERECOMIENDOCL
felipemzista;pkla2
felipemzista;FCIUACh
FCIUACh;mpineberro0
mpineberro0;dhanielpv
dhanielpv;CataAchermann
CataAchermann;Rehenzo
CataAchermann;Gustasaavedra
CataAchermann;carlosalmonaci
CataAchermann;HectorHuici
HectorHuici;ocotsalamanca
ocotsalamanca;covidlosrios
covidlosrios;amunozs
covidlosrios;victorcea_
covidlosrios;Aramil_Liadem
covidlosrios;Esperanzaoliva8
covidlosrios;Fernasilvaval
covidlosrios;weonvaldiviano
covidlosrios;higeasurcbd
covidlosrios;SMonje27
covidlosrios;AleMp97209953
covidlosrios;Robinsn02271060
covidlosrios;JRochaalcalde
Robinsn02271060;ChristusVincit_
ChristusVincit_;emerson_steven
emerson_steven;Macu19721
Macu19721;gurusaa
gurusaa;Mr_TrunkBear
Johanna53143970;Ivan_villagran
Ivan_villagran;Mr_TrunkBear
Mr_TrunkBear;MrsDraper__
MrsDraper__;Pablozen
MrsDraper__;fsoriano
MrsDraper__;lpaivita
MrsDraper__;50Viejo
MrsDraper__;labrujaamelia
MrsDraper__;mariainesmoral2
mariainesmoral2;Patita32614529
Patita32614529;EnCamino13
Patita32614529;CarlosC77557353
Patita32614529;Wladimir_HH
Wladimir_HH;rabrigom
rabrigom;canasmessen_c
canasmessen_c;MiguedelaC
canasmessen_c;conirk
canasmessen_c;koty_10
canasmessen_c;moisesperezcam
katiabus;PazQuinteros2
katiabus;confita2spa
katiabus;moisesperezcam
katiabus;gonzalo_castill
moisesperezcam;Hilda98768091
Hilda98768091;bots_un
Hilda98768091;ValpoAp
Hilda98768091;sindicatosinave
ValpoAp;FerSeguel
FerSeguel;Izzy_Sankara
Izzy_Sankara;luigi_qb
luigi_qb;Jano82162918
Jano82162918;rodmsaez
Jano82162918;KevinCopper7
rodmsaez;CMRchile
rodmsaez;VuelaJetSMART
rodmsaez;ADRIANCOCA10
rodmsaez;pauly_ep
rodmsaez;paupereiram
rodmsaez;Porlaputa
rodmsaez;ojeda181
rodmsaez;cealchile
rodmsaez;GPM_Dental
rodmsaez;clarochile_cl
rodmsaez;rq_HH
rodmsaez;alanisXD2016
rodmsaez;bikesantiago_
bikesantiago_;tamcita_meneses
tamcita_meneses;mwoldar
tamcita_meneses;Agustin95775830
tamcita_meneses;Zizo1988143
tamcita_meneses;TomasCa26828747
tamcita_meneses;Johanna53143970
tamcita_meneses;leo_flowers100
leo_flowers100;Paula56017699
Paula56017699;ccontreritas
Paula56017699;Gonzalo20212
calatrava_de;hectorpachecor8
calatrava_de;dannypali
calatrava_de;Gonzalo20212
Gonzalo20212;Rosienante
Gonzalo20212;AndimeLosRos1
Gonzalo20212;Carlos97326767
Gonzalo20212;AdanMan6
Gonzalo20212;JoseASabat
Gonzalo20212;calatrava_de
Gonzalo20212;siskia1958
Gonzalo20212;ColkineLos
Gonzalo20212;VIGIAcovid
Gonzalo20212;JRochaalcalde
Gonzalo20212;butacalosrios
Gonzalo20212;Empowered_chile
siskia1958;Gonzalo20212
siskia1958;rvilchezcabello
rvilchezcabello;Sadia_pukhtana
Sadia_pukhtana;ErikaRubio50
luchesibox;renboso
renboso;Cleo671
Fran___Cisca;Sernatur_RM
Sernatur_RM;la_resistensia_
Adri_Moreno17;selloudec
Adri_Moreno17;comisionbecas
Adri_Moreno17;AlexSeguel_
Adri_Moreno17;nikigc
Adri_Moreno17;EnCamino13
Adri_Moreno17;la_resistensia_
la_resistensia_;fiesta_dellibro
la_resistensia_;InboxChile
InboxChile;rcortesossandon
rcortesossandon;Lexdir_cl
rcortesossandon;SaaScar
rcortesossandon;tatty1977
rcortesossandon;EnCamino13
rcortesossandon;Mirk_T
rcortesossandon;Cleo671
Cleo671;cerecedacastro
cerecedacastro;daieta
cerecedacastro;carignaro1967
cerecedacastro;nikigc
cerecedacastro;florilic
cerecedacastro;ErikaRubio50
ErikaRubio50;MarioManriquezL
fullelectro2015;jtpuelmaoss
RParticipacion;_distrito26
RParticipacion;Vlubbert
RParticipacion;Ricardo4833
RParticipacion;rofaundezg
RParticipacion;PensarPublico
RParticipacion;nitandisponible
RParticipacion;FeminasLatinas
RParticipacion;jtpuelmaoss
jtpuelmaoss;LudotecaB
LudotecaB;MarioManriquezL
MarioManriquezL;PlanetaQuintana
PlanetaQuintana;Ingelosofo_91
PlanetaQuintana;mazapan____z
PlanetaQuintana;Ismenia37016685
PlanetaQuintana;tomasprofesor
PlanetaQuintana;KikeRub40040621
KikeRub40040621;ongas
KikeRub40040621;EnCamino13
KikeRub40040621;modelacion
modelacion;loremartinp
OrielSilva3;CVALLEJOS777
CVALLEJOS777;loremartinp
loremartinp;elpanchochavez
elpanchochavez;artemiolupin
elpanchochavez;Regenera_org
elpanchochavez;strngev
elpanchochavez;AlexSeguel_
elpanchochavez;CaroCiudadana
elpanchochavez;manuelotec
elpanchochavez;MasCleta_Conce
MasCleta_Conce;santiagoadicto
inodeman;LALO_00007
claudiovera4;rubelangelfturu
rubelangelfturu;jefamir
jefamir;wilks_rover
jefamir;AnyRothen
jefamir;JcalarconVidal
jefamir;IrisSepulveda17
jefamir;IvonneRechazo
IvonneRechazo;lamosca74
lamosca74;Vespucio_Norte
lamosca74;audiomusica
audiomusica;Anakeim2
Anakeim2;Carlos_Posada12
Carlos_Posada12;ahorcalos
ahorcalos;oursng
ahorcalos;pielintinta
ahorcalos;90sdelire
ahorcalos;geIidez
ahorcalos;AfterDarkFMRP
ahorcalos;despxrtar
despxrtar;LALO_00007
LALO_00007;Mopi06891276
LALO_00007;RevistaelFrente
LALO_00007;NolanaMusica
LALO_00007;santiagoadicto
santiagoadicto;Eileen44001570
Eileen44001570;cucaovalle
Eileen44001570;Florencia_Pink
Florencia_Pink;cristof20123109
cristof20123109;manuelquiroga4
manuelquiroga4;f_muebles
f_muebles;Matiedd
Matiedd;Keta27165769
Keta27165769;Hostxido
Hostxido;KarinCB
yocamisoy;KarinCB
KarinCB;Enfermera247
KarinCB;cignaciosiv
KarinCB;frevsenredes
frevsenredes;pipoo024
xexoo2021;fullelectro2015
xexoo2021;pipoo024
xexoo2021;fulle2017
pipoo024;xexoo2021
pipoo024;fulle2017
fulle2017;MarioAl36049872
MarioAl36049872;Marco96502478
Marco96502478;Carmen_lemunao
Marco96502478;kikayfelipe
Marco96502478;KrahmerParque
Marco96502478;nachosor
Marco96502478;JHirschkowitz
Marco96502478;Benjami97542989
Benjami97542989;MiltonHugoSepu2
Benjami97542989;Yiyasm
Benjami97542989;La_contumaz
La_contumaz;KennoMaulen
KennoMaulen;FProvees
KennoMaulen;Metro_Textual
KennoMaulen;boletinatacama
KennoMaulen;araucaniacuenta
KennoMaulen;e_banmedica
KennoMaulen;vcmutem
vcmutem;axelbesserv
axelbesserv;mella_edu
axelbesserv;exhimedia
axelbesserv;AlmanaqueUC
axelbesserv;Pagina14informa
AlmanaqueUC;ApuAndeschile
AlmanaqueUC;FSC_Chile
FSC_Chile;rapopular
rapopular;patrimoniocl
rapopular;Claudia59891347
rapopular;Klau1974
rapopular;SMonje27
rapopular;betanzo_c
rapopular;ColkineLos
MiguelAlonsoR;MunicipioCiuda2
EveGutierrezH;LorenaJaraS
LorenaJaraS;lider_efectivo
lider_efectivo;Cinthyab01
Cinthyab01;FHolistico
FHolistico;jsalinasp
FHolistico;LilyCon97677852
FHolistico;XimeveroG
FHolistico;jaimequ25362197
FHolistico;MarioVa67347712
MarioVa67347712;troncoso_cerda
EduardoSigmar;rodricup
rodricup;troncoso_cerda
troncoso_cerda;partnognsis
troncoso_cerda;9230_9
troncoso_cerda;KrahmerParque
troncoso_cerda;Gonzalo20212
troncoso_cerda;MunicipioCiuda2
troncoso_cerda;alegon__
castano30vald;CheapestHandpan
castano30vald;Mimus_thenca
castano30vald;Tito_Alarcon_C
castano30vald;MunicipioCiuda2
castano30vald;valdivia_city
MunicipioCiuda2;EnCamino13
MunicipioCiuda2;KrahmerParque
MunicipioCiuda2;LaWairona
MunicipioCiuda2;castano30vald
MunicipioCiuda2;betanzo_c
betanzo_c;aleparramuoz
betanzo_c;CamiFreedom
betanzo_c;HOberreuter
betanzo_c;CatyMarty
betanzo_c;JHirschkowitz
betanzo_c;ColkineLos
ColkineLos;CamiloOjedaR1
ColkineLos;KenzoShinya
ColkineLos;mquiroz24
ColkineLos;gyyslaine
ColkineLos;Klau1974
ColkineLos;colkine
ColkineLos;Gonzalo20212
ColkineLos;betanzo_c
ColkineLos;Pagina14informa
ColkineLos;cecilialosrios
ColkineLos;JRochaalcalde
Pagina14informa;CassanovaMarco
Pagina14informa;huaquin
Pagina14informa;Linea3_Tracols
Pagina14informa;AlexJavierSan11
Pagina14informa;veronic14978657
Pagina14informa;Carlos97326767
Pagina14informa;AlexisMoralesZ2
Pagina14informa;AleMp97209953
Pagina14informa;axelbesserv
Pagina14informa;troncoso_cerda
Pagina14informa;ColkineLos
Pagina14informa;adregad
adregad;Dulceosito_
SerPeters;KatyBachmann
SerPeters;epicentro1960
SerPeters;TerapiaUBU
SerPeters;Dulceosito_
Dulceosito_;Ely_Canelo
DoctorRed95;os_ccar
DoctorRed95;EnCamino13
DoctorRed95;moralesdechile
DoctorRed95;Fabrilo1
DoctorRed95;Ely_Canelo
Ely_Canelo;geraldinecasel4
geraldinecasel4;ArianaGeorge1
ArianaGeorge1;RCI_Chile
ArianaGeorge1;coachievers
ArianaGeorge1;JenniferQuero2
ArianaGeorge1;CentroMullier
ArianaGeorge1;BerthaZambran14
BerthaZambran14;banatroncoso
banatroncoso;RobGool
banatroncoso;Ely77661891
banatroncoso;C_Antonio15
C_Antonio15;claudio74027586
claudio74027586;leivacan
leivacan;alegon__
alegon__;pinedape
alegon__;cgcardenaso
alegon__;caluzca
alegon__;ImTheDude00
alegon__;JoseASabat
alegon__;JHirschkowitz
alegon__;Gonzalo20212
alegon__;CamaraServ
alegon__;JRochaalcalde
CamaraServ;KrahmerParque
CamaraServ;SMonje27
CamaraServ;juanarayamardon
CamaraServ;katiabus
CamaraServ;alegon__
CamaraServ;YasnaKiessling
CamaraServ;JRochaalcalde
CamaraServ;butacalosrios
CamaraServ;valdivia_city
Danigmuav;YasnaKiessling
YasnaKiessling;cnavarreteaedo
YasnaKiessling;Porlaputa
YasnaKiessling;Klau1974
YasnaKiessling;Javiavs
YasnaKiessling;troncoso_cerda
YasnaKiessling;alegon__
YasnaKiessling;CamaraServ
YasnaKiessling;Danigmuav
YasnaKiessling;RodrigoRACT
YasnaKiessling;JRochaalcalde
RodrigoRACT;RenacaBosque
RenacaBosque;Olguita_ahogada
Olguita_ahogada;mesadeturismo
Olguita_ahogada;ChaskonaMarce
ChaskonaMarce;MarmolTour
ChaskonaMarce;PergolaPzaNunoa
ChaskonaMarce;mesadeturismo
ChaskonaMarce;RojitaSandra
ChaskonaMarce;santiagoadicto
ChaskonaMarce;Olguita_ahogada
ChaskonaMarce;THEBAN_30
THEBAN_30;GloriaAstorga13
GloriaAstorga13;nancy10757
YarelaAysen;Illawara_puq
YarelaAysen;NicolsP54773357
YarelaAysen;zerimarjasiel00
YarelaAysen;MurbinaMaria
YarelaAysen;matus_abraham
YarelaAysen;Fran___Cisca
YarelaAysen;yocamisoy
YarelaAysen;DoctorRed95
YarelaAysen;fra_Terrible
fra_Terrible;lbsq06
lbsq06;ERORH
lbsq06;SINTABU1
lbsq06;SandraMalaveH
lbsq06;whynotsaint
lbsq06;herminiacolina
lbsq06;nancy10757
nancy10757;Jotoso_DiegoG
Jotoso_DiegoG;MARICHIWEU3
Jotoso_DiegoG;xplosiva2
Jotoso_DiegoG;moralesdechile
Jotoso_DiegoG;ntapiagut
ntapiagut;ScacMagallanes
ScacMagallanes;recorriendo_com
recorriendo_com;afidelge
afidelge;SMAPA_MAIPU
SMAPA_MAIPU;sadyzu
sadyzu;ParisAMDParis
ParisAMDParis;carlinhogonzaga
carlinhogonzaga;ColinThony2
ColinThony2;DiegoSafian
DiegoSafian;veronicaundurra
juampa_chile;beervaldivia
juampa_chile;pbitreras
juampa_chile;marcos_matus_z
juampa_chile;Misato_1988
juampa_chile;patagoniamawida
juampa_chile;recorriendo_com
juampa_chile;BluesBluestone
BluesBluestone;luis_toro_t
BluesBluestone;ManuelS56823705
ManuelS56823705;robin_deric
robin_deric;avelinosalazar7
robin_deric;zombyy
robin_deric;EveGutierrezH
robin_deric;ISIDROPENDANGA
ISIDROPENDANGA;ImageKin_valpo
ImageKin_valpo;Kappeliwoord
Kappeliwoord;artemiolupin
Kappeliwoord;vientredeballen
Kappeliwoord;juanchiigom
Kappeliwoord;veronicaundurra
veronicaundurra;TomasAntonHigue
TomasAntonHigue;Andres_luna5
TomasAntonHigue;vixhobhul
vixhobhul;olivaresabara
ValiPreller;Lishaoran15
Jackie1Fan;oscarcecilio
oscarcecilio;Aleutico
Aleutico;Lishaoran15
Lishaoran15;olivaresabara
olivaresabara;BayardoCS
olivaresabara;MilaCrdenas1
olivaresabara;mromansm93
mromansm93;JHirschkowitz
mromansm93;pinkypr3mises
mromansm93;MAJOSEPUGA
pinkypr3mises;caroherreo
caroherreo;chasabocha
caroherreo;ElFachoBOT1
caroherreo;robugo7
caroherreo;somend51
somend51;rschwarzenbergs
rschwarzenbergs;archipestre
archipestre;evopolisalud
evopolisalud;Saboresymascl
Celia_Alejandra;RobertoCadagan
RobertoCadagan;Tamaramedel2
RobertoCadagan;agroceler
RobertoCadagan;jorgejorq
RobertoCadagan;piorototype
RobertoCadagan;aqui_san
RobertoCadagan;GoCreativecl1
RobertoCadagan;JRochaalcalde
GoCreativecl1;Ma_LadelBarrio
GoCreativecl1;Saboresymascl
Saboresymascl;panico_surreal
panico_surreal;TuPatrimonioOro
panico_surreal;KiweNasa
panico_surreal;mildebonita
panico_surreal;Umberto_Ecco
panico_surreal;ALPZA_Zoos
panico_surreal;NadiaRe86621583
panico_surreal;RosalinaSanche
panico_surreal;OmarVeg83715900
panico_surreal;elmonkiki
elmonkiki;SaulAcua13
Colibr57675862;SaulAcua13
ochentero_pop;ALPZA_Zoos
ochentero_pop;SaulAcua13
SaulAcua13;NiicoYork
Andrees_ugarte;carrip24
carrip24;Pipesh2505
carrip24;NiicoYork
NiicoYork;LopezPamelop
LopezPamelop;RmMujeres
LopezPamelop;ReydeNegras
LopezPamelop;TomasGreene
LopezPamelop;PaulaSalvoDelC
LopezPamelop;FuentesJavi19
LopezPamelop;ppddiputados
PCanales1981;Rodrigo_Observa
Rodrigo_Observa;oscarcecilio
Rodrigo_Observa;ppddiputados
ppddiputados;NFerruzol
NFerruzol;R_SaldiviaV
NFerruzol;rossishelton
NFerruzol;ACru_zi
NFerruzol;AmaralesJose
NFerruzol;CorbelleBravo
NFerruzol;PlanetaQuintana
NFerruzol;LagosEliasmael
LagosEliasmael;vcoronachile
vcoronachile;SebastianLeonV4
SebastianLeonV4;GasagaLtda
SebastianLeonV4;dlopez_1992
SebastianLeonV4;BomberosConcon
SebastianLeonV4;instructormnejo
SebastianLeonV4;Carolin76967557
SebastianLeonV4;Daniza14975747
SebastianLeonV4;ricardosierral2
ricardosierral2;rsanmartin74
rsanmartin74;Ricardo_con_Fe
Ricardo_con_Fe;sanhueza_miguel
Ricardo_con_Fe;chasabocha
Ricardo_con_Fe;andreagon2115
Ricardo_con_Fe;medusaglo
Ricardo_con_Fe;isabel68247330
Ricardo_con_Fe;Pabla2255102021
Ricardo_con_Fe;XimeveroG
Ricardo_con_Fe;Tazmania224
Ricardo_con_Fe;somend51
Ricardo_con_Fe;Mazikeen0127
Mazikeen0127;lavidaesahora_
lavidaesahora_;Colibr57675862
lavidaesahora_;SatanicoCharly
SatanicoCharly;jmrodoy
jmrodoy;UAI_VINA
UAI_VINA;LibertyNewsCL
UAI_VINA;CARLORO36271887
UAI_VINA;jmrodoy
UAI_VINA;psicologoencas1
psicologoencas1;casiope39868094
casiope39868094;rpalomovelez
casiope39868094;RChDerComparado
casiope39868094;ocotsalamanca
casiope39868094;cpvio
cpvio;asgodoys
cpvio;jimesierralta
cpvio;rcortesossandon
cpvio;maca_a_secas
maca_a_secas;tanty1955
tanty1955;cecilialosrios
cecilialosrios;TobiasMETE1
cecilialosrios;KrahmerParque
cecilialosrios;covidlosrios
cecilialosrios;Gonzalo20212
cecilialosrios;inodeman
cecilialosrios;ColkineLos
cecilialosrios;alegon__
cecilialosrios;tanty1955
cecilialosrios;MacielTrickcg16
MacielTrickcg16;bahamondemanuel
bahamondemanuel;Ianthee
bahamondemanuel;Sysala1
bahamondemanuel;xexihappy
bahamondemanuel;ninkenny
bahamondemanuel;AndreaGuapita
bahamondemanuel;carmelitaclaro
bahamondemanuel;LorenaJaraS
bahamondemanuel;yovyy29
yovyy29;ContrerasSeitz
ContrerasSeitz;DrDavidHarrison
DrDavidHarrison;valdiviapashott
valdiviapashott;SammieF48012716
valdiviapashott;Solopar52294322
Solopar52294322;pepekartes
pepekartes;caluzca
pepekartes;KaKtiapaz
pepekartes;LatorreCalama
pepekartes;hvilches1968
pepekartes;sindicatosinave
sindicatosinave;AnefLagos
sindicatosinave;Fatima48333152
sindicatosinave;suadoracion
sindicatosinave;AlexisMoralesZ2
sindicatosinave;prisilasesorias
sindicatosinave;pepekartes
sindicatosinave;isaiascolin
isaiascolin;CE6FAO
CE6FAO;riggerberengue
CE6FAO;brotedeutopia
CE6FAO;M0NPT
CE6FAO;potito15
potito15;patisinger
patisinger;MarrceloG
patisinger;hnmazul
patisinger;Carmen_lemunao
patisinger;MARICHIWEU3
patisinger;waldooyarzun
patisinger;jaimequ25362197
patisinger;cyberjarj
patisinger;carlos1305mayo
cyberjarj;angelgallardo63
angelgallardo63;sebasmartl
sebasmartl;alb_dillane
sebasmartl;mjosefasmart
sebasmartl;ClaudiaFV
sebasmartl;Votamos__Todos
sebasmartl;UnidadATTA_CL
sebasmartl;RChDerComparado
sebasmartl;moralesdechile
sebasmartl;AlyssaAnnBowen
sebasmartl;FerSeguel
sebasmartl;RodrigoRACT
sebasmartl;rsilvaje
rsilvaje;ClopazGodoy
David57284571;ClopazGodoy
ClopazGodoy;hugolagosv
ClopazGodoy;VictorS86974793
ClopazGodoy;karlita_c
ClopazGodoy;Tatiana_HquezM
ClopazGodoy;Alvaritu_23
ClopazGodoy;NicoIgnacio146
ClopazGodoy;Tranfugo
ClopazGodoy;javierveri
javierveri;icontreras2008
icontreras2008;AlvarezPesca
icontreras2008;VinilosAltaGama
icontreras2008;pescatuto
icontreras2008;luchesibox
icontreras2008;Jackie1Fan
icontreras2008;AngelicaBarraza
AngelicaBarraza;Constanza_Segov
Constanza_Segov;ripinchains
Constanza_Segov;Juflyne
Constanza_Segov;misssimpatiiia
Constanza_Segov;jucarlapa
jucarlapa;GalvisMarvinE
GalvisMarvinE;WaldoReyesPere1
WaldoReyesPere1;mawrse
WaldoReyesPere1;fachazurda
fachazurda;mdonosoc
fachazurda;MARICHIWEU3
fachazurda;Enrique16176567
fachazurda;artecanal
fachazurda;reseba21
fachazurda;DennisMena19
fachazurda;Benjami97542989
fachazurda;rsanmartin74
fachazurda;PaulaRosso7
Carol53856596;jlmprevencion
Carol53856596;ZurdaRoja1312
Carol53856596;HanComplicated
Carol53856596;jurgen_kraus420
Carol53856596;Claudiapluma
Carol53856596;Benjami97542989
Carol53856596;PaulaRosso7
PaulaRosso7;Wilfred63841257
PaulaRosso7;LuzAlfa03225036
PaulaRosso7;convista_al_mar
PaulaRosso7;xplosiva2
PaulaRosso7;Carol53856596
PaulaRosso7;OTDChile
OTDChile;reinadelaironia
OTDChile;RParticipacion
OTDChile;YarelaAysen
OTDChile;Celia_Alejandra
OTDChile;PaulaRosso7
OTDChile;__blackbird__rr
__blackbird__rr;Cervezervs
Cervezervs;NftVega
Cervezervs;Shark_Grillz
Cervezervs;HashmonkeyEth
Cervezervs;Tobias81893768
Cervezervs;McNoLovin
Cervezervs;SquadBeehive
Cervezervs;TheRON_____
Cervezervs;medxtrr
Cervezervs;fkrtngt
fkrtngt;pasioncamionero
pasioncamionero;Diegova97057136
pasioncamionero;OMEGA_Antof
pasioncamionero;Daniza57370303
pasioncamionero;WheyVillasmil
pasioncamionero;WaldoReyesPere1
pasioncamionero;CRGM31
CRGM31;Sviaaorg
Sviaaorg;PrajjwalSisodia
PrajjwalSisodia;sarake
PrajjwalSisodia;SadhotraMeenu
PrajjwalSisodia;Aman7Nayak
PrajjwalSisodia;BjpRajora
PrajjwalSisodia;LilyPittz
LilyPittz;24genco
24genco;Brujulaconstit2
24genco;tanharta__
24genco;AltoAbuelo
24genco;elcuba6
24genco;AbrahamCastroR4
AbrahamCastroR4;Pekes_Party
Pekes_Party;glorydulce3
Pekes_Party;eventsysca
Pekes_Party;claudiae2812
claudiae2812;alsoca85carcamo
alsoca85carcamo;Carol__1030
Carol__1030;pekesinceraa
Carol__1030;lotz131
Carol__1030;patriciadelvi10
patriciadelvi10;AlvarexErika
magisterchileno;lalombrizz4
magisterchileno;Nahuelverduz1
magisterchileno;Euterpes1977
magisterchileno;Viatea
magisterchileno;NoTengoCara__
magisterchileno;Ruthrut43486682
magisterchileno;TulipPenney
TulipPenney;miriamsepulve11
dagosmar;km3ll0
km3ll0;SignoreCesare
SignoreCesare;Jenny06758190
Jenny06758190;miriamsepulve11
miriamsepulve11;aleparramuoz
miriamsepulve11;AlvarexErika
AlvarexErika;OdecUsp
OdecUsp;_mayara_amaral
OdecUsp;mateusdias78
OdecUsp;cmunozburgos
OdecUsp;ribarbosajr
ribarbosajr;gm_marieuch
gm_marieuch;SociosCCS
SociosCCS;FABIOLA02921487
SociosCCS;PCanales1981
SociosCCS;Franctivista
Franctivista;Arynauta2
Arynauta2;FcoSCL
Arynauta2;amannda_hz
Arynauta2;Lapageria
Arynauta2;EduFelipe_C
EduFelipe_C;cgonzalezrothen
EduFelipe_C;educacion_cs
EduFelipe_C;PabloAn72474248
EduFelipe_C;FcoPilquiman
EduFelipe_C;cati_1977chile
EduFelipe_C;rvilchezcabello
EduFelipe_C;Arynauta2
EduFelipe_C;leather_cl
leather_cl;xivedri
xivedri;lalaonate
xivedri;osvaldocs80
xivedri;ongirv
xivedri;waldooyarzun
xivedri;todorapidoca
xivedri;rolagre77
rolagre77;BarbaraFuchslo2
BarbaraFuchslo2;NLefinir
NLefinir;evopolisalud
NLefinir;VIGIAcovid
VIGIAcovid;mpenaespinoza
VIGIAcovid;partnognsis
VIGIAcovid;Caritto_herrera
VIGIAcovid;conpatitass
VIGIAcovid;AndreaSilvaBaez
VIGIAcovid;Mathelo16
VIGIAcovid;Allie_Rosas
VIGIAcovid;crismateus
VIGIAcovid;Adri_Moreno17
VIGIAcovid;NLefinir
VIGIAcovid;UniversidadesG9
VIGIAcovid;valdivia_city
UniversidadesG9;josepal59
josepal59;santaliss1125
josepal59;zaidacastillo51
josepal59;Strategy_Gal
josepal59;sandracanales38
josepal59;EspecialistasWB
EspecialistasWB;RommySanhueza
RommySanhueza;BeatrizFuentesR
RommySanhueza;Andrees_ugarte
RommySanhueza;yokoono
yokoono;MarioRa28628755
MarioRa28628755;UrrutiaPatty
MarioRa28628755;BenCop66
MarioRa28628755;Raymond_2022
MarioRa28628755;anti_estupidos
MarioRa28628755;Jeann_Esco
MarioRa28628755;MariaEl91226087
MarioRa28628755;Fumarcl
MarioRa28628755;Jm201917
MarioRa28628755;lauraescobara
MarioRa28628755;Gingleve
MarioRa28628755;MiguelAlonsoR
MarioRa28628755;somend51
MarioRa28628755;Chucurumbito
Chucurumbito;spruhha
DiegoBPA;mvallepintor
mvallepintor;Julyestef
mvallepintor;jcminones
mvallepintor;baza_bokar
mvallepintor;BarbiPLANIKA
mvallepintor;dagosmar
mvallepintor;spruhha
spruhha;myaegerb
myaegerb;marceloanuch
myaegerb;GainsShu
myaegerb;ficmasazul
myaegerb;MarianaT_DelRio
myaegerb;EfficiencyGuru
myaegerb;ciskocar
ciskocar;Basso69675358
Basso69675358;marcoide
marcoide;ConapachChile
marcoide;valeriavillau
marcoide;KrahmerParque
marcoide;cfaundez
marcoide;Gonzalo20212
marcoide;Cinthyab01
marcoide;Basso69675358
marcoide;JRochaalcalde
FelipeLagosB;Aguilas010
Aguilas010;ULagosOficial
Aguilas010;aleparramuoz
Aguilas010;puyehuechile
Aguilas010;Gonzalo20212
Aguilas010;JRochaalcalde
Aguilas010;AlvaroMankeC
JRochaalcalde;DoctorErazo
JRochaalcalde;elmalalhuino
JRochaalcalde;PatagoniaDev
JRochaalcalde;pulquillanc
JRochaalcalde;KrahmerParque
JRochaalcalde;QuilClaudio
JRochaalcalde;covidlosrios
JRochaalcalde;MarioAl36049872
JRochaalcalde;ColkineLos
JRochaalcalde;Aguilas010
JRochaalcalde;AlvaroMankeC
AlvaroMankeC;lagauchapuq
AlvaroMankeC;pactochileverde
AlvaroMankeC;felipeBah1
AlvaroMankeC;JHirschkowitz
AlvaroMankeC;claudiovera4
AlvaroMankeC;Soledad_Purpura
Soledad_Purpura;FyneeDs
FyneeDs;Bintaheer001
Bintaheer001;PaulaHuenchuleo
PaulaHuenchuleo;RmMujeres
PaulaHuenchuleo;GonzaloSanchezU
PaulaHuenchuleo;meteoro917
PaulaHuenchuleo;PaulaRosso7
PaulaHuenchuleo;altatransmision
altatransmision;EstindelStein
EstindelStein;ingenierosva
EstindelStein;FindangoFinance
EstindelStein;educanetformac1
EstindelStein;consultoria_qr
EstindelStein;_Grupo_Cv
_Grupo_Cv;propfrutillar
JpEstadistico;ULagosOficial
JpEstadistico;marceloanuch
JpEstadistico;loremartinp
JpEstadistico;vcmutem
JpEstadistico;propfrutillar
propfrutillar;FreddyGarciaC
propfrutillar;juligmeza
propfrutillar;JpEstadistico
propfrutillar;Migranteterno
Migranteterno;florifloridora
florifloridora;EnCamino13
florifloridora;Porlaputa
florifloridora;Vasquezb171
florifloridora;PanchoTapia13
PanchoTapia13;evelyndamon
PanchoTapia13;TomasHuisca
PanchoTapia13;ConstanzaMuozS3
PanchoTapia13;carlos1305mayo
carlos1305mayo;CristyWeed87
carlos1305mayo;WCensurado
carlos1305mayo;martinigcp
carlos1305mayo;David57284571
carlos1305mayo;jcollinsrom
jcollinsrom;PlanoNueve
PlanoNueve;Mr_TrunkBear
PlanoNueve;SushisanChile
SushisanChile;Cris_cehc_94
Cris_cehc_94;emerson_steven
Cris_cehc_94;KotaCasMed
KotaCasMed;SergioAle35
SergioAle35;albitafanatica
SergioAle35;aletopito
SergioAle35;lariva
SergioAle35;Lizandri2322
Lizandri2322;Edurod1105
Edurod1105;jorgeerrazuriz
Edurod1105;MACATOLEDOS
MACATOLEDOS;Eli_Uve
Eli_Uve;Claudia_R_L
Eli_Uve;CristyWeed87
Eli_Uve;gonzalo_santeli
Eli_Uve;didiergonzalez
Eli_Uve;fachazurda
Eli_Uve;fernandaaway
fernandaaway;jessicafratani
jessicafratani;cherrera1970
cherrera1970;michiquilla5938
michiquilla5938;cecontrerasp
cecontrerasp;ester_manzo
cecontrerasp;cinthyalissette
cecontrerasp;YessiCabreraG
cecontrerasp;Euterpes1977
cecontrerasp;boletinatacama
cecontrerasp;gonzalo_castill
gonzalo_castill;Max_Peruvian
gonzalo_castill;alanisrg2
alanisrg2;DiegoYGlott
DiegoYGlott;CristyWeed87
DiegoYGlott;AlonzoNicolas
DiegoYGlott;LagosEliasmael
DiegoYGlott;Ninoska2477
Ninoska2477;dewback
dewback;yesi0917
dewback;Stelphone_Ltda
dewback;RostroPela
dewback;SMEathens
dewback;indicadoreshoy
indicadoreshoy;LaMazurquita
LaMazurquita;Alejand81222106
LaMazurquita;wasauski_may
LaMazurquita;Ascetic0
LaMazurquita;OrielSilva3
LaMazurquita;Paulaburchard1
Paulaburchard1;carolinarvonust
carolinarvonust;retirewcashflow
carolinarvonust;indio_picaron
indio_picaron;DBustosKorts
DBustosKorts;jeremievdp
DBustosKorts;vsni
DBustosKorts;comisionbecas
DBustosKorts;JipRamakers
DBustosKorts;John_Groweers
DBustosKorts;AsadAmeenpak
DBustosKorts;julopessouzas
DBustosKorts;PARLosLagos
DBustosKorts;DiegoSafian
DBustosKorts;Otrodeapie1
Otrodeapie1;c_flores_c
c_flores_c;CGE_Clientes
c_flores_c;DesRuedaCL
c_flores_c;JoseMardonesP
c_flores_c;epe_paine
epe_paine;ABabagbemi
ABabagbemi;JeffreyHayzlett
ABabagbemi;lead2purpose
ABabagbemi;Ptrely07
ABabagbemi;WhoIsJudah
ABabagbemi;CH_Lover_Life
CH_Lover_Life;fae_sur
fae_sur;elisa7j
fae_sur;Juventud_2021CL
MauTrumpet;22CNH_
22CNH_;MarcosVivanco5
MarcosVivanco5;yessica_yo
MarcosVivanco5;ciudadano_repub
MarcosVivanco5;gloriaparedesAB
MarcosVivanco5;consultoria_qr
MarcosVivanco5;HOberreuter
MarcosVivanco5;Juventud_2021CL
Juventud_2021CL;pachidiaze
pachidiaze;malditosinonda
pachidiaze;crespitachikita
pachidiaze;SofiaER96
pachidiaze;estebanvarasv
pachidiaze;daskapitaledi
pachidiaze;CatalinaPerezS
CatalinaPerezS;Pilar21811316
Pilar21811316;Romina61645583
Romina61645583;sergiovilches8
sergiovilches8;infosuroficial
infosuroficial;FresiaAlDia
infosuroficial;JamieTorrijo
infosuroficial;joanralu
infosuroficial;magueropv
infosuroficial;Remi_Vodka
infosuroficial;libsocialdem
infosuroficial;sergiovilches8
infosuroficial;SergioM42500923
SergioM42500923;sepulvedaradio
SergioM42500923;BSPUERTOMONTT
SergioM42500923;LdelSurNoticias
SergioM42500923;infosuroficial
SergioM42500923;VisionNoticias3
VisionNoticias3;vecinosPtovaras
VisionNoticias3;Munuelluismend1
VisionNoticias3;Remi_Vodka
VisionNoticias3;rodrigoxtm86
VisionNoticias3;Serenna59410194
VisionNoticias3;LdelSurNoticias
VisionNoticias3;EduardoSigmar
VisionNoticias3;SergioM42500923
VisionNoticias3;LevinancoRoxana
LevinancoRoxana;mbmmaipo
mbmmaipo;DagofloL
mbmmaipo;mdonosoc
mbmmaipo;kikayfelipe
mbmmaipo;OTDChile
mbmmaipo;KevinCopper7
KevinCopper7;valejuarz
KevinCopper7;NativoPoblador
KevinCopper7;lolytapia
KevinCopper7;OTDChile
KevinCopper7;Cristianorman2
Cristianorman2;ChikitaToi
ChikitaToi;Emanuel86867408
Emanuel86867408;DebiaEduardo
DebiaEduardo;Losrioscb
Losrioscb;Barrientop
Losrioscb;expreso_info
Losrioscb;juampa_chile
Losrioscb;butacalosrios
butacalosrios;partnognsis
butacalosrios;Fernasilvaval
butacalosrios;Claudia59891347
butacalosrios;Marcela75363592
butacalosrios;florrcitadelsur
butacalosrios;Barrientop
butacalosrios;KrahmerParque
butacalosrios;Paula56017699
butacalosrios;JRochaalcalde
butacalosrios;MauTrumpet
butacalosrios;Losrioscb
butacalosrios;revistaelzorro
revistaelzorro;Claudioelcojo
revistaelzorro;la10cl
revistaelzorro;KarinKarjania
revistaelzorro;Pagina14informa
revistaelzorro;FelipeLagosB
revistaelzorro;JRochaalcalde
revistaelzorro;ProfeRomulo
ProfeRomulo;marco66herrera
marco66herrera;_oscarDeeJay
_oscarDeeJay;boschdt
boschdt;Subdere_LosRios
Subdere_LosRios;RominaNorambue7
Subdere_LosRios;KarinaCaizares1
Subdere_LosRios;c78349185
Subdere_LosRios;LuisAle44563128
Subdere_LosRios;Marcela75363592
Subdere_LosRios;veronic14978657
Subdere_LosRios;arielpangui
Subdere_LosRios;macbu1136
Subdere_LosRios;exhimedia
Subdere_LosRios;AlexisMoralesZ2
Subdere_LosRios;AdanMan6
Subdere_LosRios;AlexiMoralesZa1
Subdere_LosRios;QuilClaudio
Subdere_LosRios;Robinsn02271060
Subdere_LosRios;calatrava_de
Subdere_LosRios;ColkineLos
Subdere_LosRios;Pagina14informa
Subdere_LosRios;alegon__
Subdere_LosRios;ValiPreller
Subdere_LosRios;cecilialosrios
Subdere_LosRios;revistaelzorro
Subdere_LosRios;RosnerFundacion
Subdere_LosRios;valdivia_city
Subdere_LosRios;Empowered_chile
RosnerFundacion;CamiloRegla
RosnerFundacion;Pabla2255102021
RosnerFundacion;JRochaalcalde
RosnerFundacion;valdivia_city
valdivia_city;CamiloRegla
valdivia_city;Fernasilvaval
valdivia_city;fabianatburgos
valdivia_city;Jsvd30389989
valdivia_city;Linea3_Tracols
valdivia_city;Marcela75363592
valdivia_city;chrislatitudsur
valdivia_city;demarsal
valdivia_city;pulquillanc
valdivia_city;SMonje27
valdivia_city;FCIUACh
valdivia_city;covidlosrios
valdivia_city;katiabus
valdivia_city;Pagina14informa
valdivia_city;butacalosrios
valdivia_city;Lalyval
Lalyval;Rulovaldivia
Lalyval;neogerardo
Lalyval;MAJOSEPUGA
MAJOSEPUGA;Carlos97326767
MAJOSEPUGA;cgpinilla
MAJOSEPUGA;SerPeters
MAJOSEPUGA;ochentero_pop
MAJOSEPUGA;magisterchileno
MAJOSEPUGA;carlos1305mayo
MAJOSEPUGA;fae_sur
MAJOSEPUGA;cbizama
cbizama;ricardomillangu
cbizama;solecastrom
cbizama;CondorMillaman
cbizama;MarianaT_DelRio
cbizama;Ximenalunecke
ErwinUrrutia2;Ximenalunecke
Ximenalunecke;hellesiri2
Ximenalunecke;carlos_fresard
Ximenalunecke;RodrigoOlea
Ximenalunecke;Ricardo29525549
Ximenalunecke;siskia1958
Ximenalunecke;Florencia_Pink
Ximenalunecke;Jenny06758190
Ximenalunecke;BarbaraFuchslo2
Ximenalunecke;marcoide
Ximenalunecke;ErwinUrrutia2
Ximenalunecke;Franeguiluz
Franeguiluz;Klau1974
Franeguiluz;JRochaalcalde
Franeguiluz;jcollinsrom
Franeguiluz;Ximenalunecke
Franeguiluz;Empowered_chile
Empowered_chile;PatriciaComas3
Empowered_chile;shinobusatonaka
Empowered_chile;EnCamino13
Empowered_chile;modelacion
Empowered_chile;loremartinp
Empowered_chile;Franeguiluz
Empowered_chile;Marcela34166782
Marcela34166782;ignaciajoustra5
ignaciajoustra5;OmarZniga1
ignaciajoustra5;aiiglesiasm
ignaciajoustra5;karialarconvl
ignaciajoustra5;alfondoizq
ignaciajoustra5;KennyTuitero
ignaciajoustra5;JavieraRo2
ignaciajoustra5;burgosraimundo
ignaciajoustra5;banatroncoso
ignaciajoustra5;DiegoBPA
pablocarmonam;FerniMorenoSch
FerniMorenoSch;pablocarmonam
dagb1990;LaucknerNunez
LaucknerNunez;dagb1990
IrmaTischhauser;VivianER02
VivianER02;IrmaTischhauser
cristian3035;sabina_4654
sabina_4654;BelmarioFM
BelmarioFM;cristian3035
RoqueSagrado;BlurChile
BlurChile;uchile
uchile;RoqueSagrado
andrecondeandre;Cesia950566887
Cesia950566887;PazPinto20
PazPinto20;andrecondeandre
alexandresgm;Lucas46613336
Risk_LaCrome;Estereoscopio_
Estereoscopio_;alexandresgm
Estereoscopio_;Lucas46613336
Lucas46613336;vir_giniaok
Lucas46613336;FabianO89073630
vir_giniaok;FabianO89073630
FabianO89073630;Risk_LaCrome
FabianO89073630;Estereoscopio_
Koke77843094;privero7
privero7;rsiliencia5
rsiliencia5;Koke77843094
Antonio75648975;gatoporgato
gatoporgato;CamiloArriaga20
CamiloArriaga20;Antonio75648975
daveherrick96;AndreaPobleteH1
kimberlicitass;EvradeWilliam
wesly2000;kimberlicitass
wesly2000;EvradeWilliam
EvradeWilliam;daveherrick96
EvradeWilliam;AndreaPobleteH1
AndreaPobleteH1;wesly2000
Margari05722396;JeanPierreGodd1
JeanPierreGodd1;Margari05722396
Droguett_Pau;JDwingelo
JDwingelo;AriasIsla
AriasIsla;Droguett_Pau
benjaminpalmath;LionecElOtta
LionecElOtta;Benedic_cavi
Benedic_cavi;benjaminpalmath
indignadobiobio;ManuRiosG
HMomberg;mendygaete
mendygaete;indignadobiobio
mendygaete;ManuRiosG
ManuRiosG;HMomberg
ManuRiosG;OctavaBioBio
OctavaBioBio;HMomberg
analuisaortuzar;Elizabeth5390
Elizabeth5390;DeyGerman
DeyGerman;analuisaortuzar
